11.95,
45.50,2004-02-11
45.60,2004-02-12
45.90,2004-02-13
45.20,2004-02-16
46.10,2004-02-17
49.10,2004-02-18
52.50,2004-02-19
53.00,2004-02-20
52.00,2004-02-23
52.00,2004-02-24
54.50,2004-02-25
54.50,2004-02-26
55.50,2004-02-27
58.50,2004-03-01
59.50,2004-03-02
59.50,2004-03-03
60.00,2004-03-04
59.00,2004-03-05
59.50,2004-03-08
61.00,2004-03-09
60.50,2004-03-10
61.00,2004-03-11
60.00,2004-03-12
57.50,2004-03-15
58.00,2004-03-16
59.00,2004-03-17
63.00,2004-03-18
63.00,2004-03-19
59.00,2004-03-22
59.00,2004-03-23
58.00,2004-03-24
56.00,2004-03-25
57.00,2004-03-26
60.50,2004-03-29
63.00,2004-03-30
63.50,2004-03-31
65.50,2004-04-01
64.50,2004-04-02
65.50,2004-04-05
62.50,2004-04-06
63.00,2004-04-07
65.00,2004-04-08
65.00,2004-04-09
69.50,2004-04-12
68.50,2004-04-13
73.00,2004-04-14
73.00,2004-04-15
78.00,2004-04-16
78.50,2004-04-19
76.50,2004-04-20
75.00,2004-04-21
72.50,2004-04-22
72.50,2004-04-23
75.50,2004-04-26
75.00,2004-04-27
75.00,2004-04-28
73.00,2004-04-29
68.00,2004-04-30
64.50,2004-05-03
68.50,2004-05-04
64.00,2004-05-05
66.50,2004-05-06
68.00,2004-05-07
65.00,2004-05-10
64.00,2004-05-11
66.00,2004-05-12
65.50,2004-05-13
63.00,2004-05-14
59.00,2004-05-17
59.50,2004-05-18
63.50,2004-05-19
63.00,2004-05-20
66.50,2004-05-21
66.00,2004-05-24
67.50,2004-05-25
68.50,2004-05-26
64.50,2004-05-27
64.50,2004-05-28
60.00,2004-05-31
59.00,2004-06-01
56.50,2004-06-02
53.00,2004-06-03
54.00,2004-06-04
56.50,2004-06-07
56.00,2004-06-08
56.00,2004-06-09
54.00,2004-06-10
51.00,2004-06-11
48.90,2004-06-14
52.00,2004-06-15
49.60,2004-06-16
53.00,2004-06-17
51.00,2004-06-18
49.10,2004-06-21
50.50,2004-06-23
51.50,2004-06-24
52.00,2004-06-25
50.00,2004-06-28
49.90,2004-06-29
51.00,2004-06-30
50.50,2004-07-01
49.40,2004-07-02
47.10,2004-07-05
47.20,2004-07-06
47.80,2004-07-07
47.90,2004-07-08
50.00,2004-07-09
49.00,2004-07-12
47.00,2004-07-13
46.20,2004-07-14
45.20,2004-07-15
44.00,2004-07-16
44.10,2004-07-19
41.10,2004-07-20
41.40,2004-07-21
40.30,2004-07-22
40.40,2004-07-23
39.90,2004-07-26
41.00,2004-07-27
40.70,2004-07-28
39.50,2004-07-29
39.60,2004-07-30
37.50,2004-08-02
38.40,2004-08-03
39.00,2004-08-04
41.20,2004-08-05
40.20,2004-08-06
39.20,2004-08-09
39.20,2004-08-10
38.80,2004-08-11
38.80,2004-08-12
38.40,2004-08-13
37.60,2004-08-16
37.80,2004-08-17
40.40,2004-08-18
43.20,2004-08-19
44.20,2004-08-20
43.70,2004-08-23
45.10,2004-08-26
45.40,2004-08-27
43.60,2004-08-30
43.70,2004-08-31
45.10,2004-09-01
45.40,2004-09-02
44.20,2004-09-03
43.40,2004-09-06
43.60,2004-09-07
43.40,2004-09-08
43.90,2004-09-09
42.90,2004-09-10
43.30,2004-09-13
44.30,2004-09-14
44.00,2004-09-15
44.80,2004-09-16
44.80,2004-09-17
44.40,2004-09-20
45.30,2004-09-21
46.20,2004-09-22
46.80,2004-09-23
46.20,2004-09-24
45.70,2004-09-27
45.40,2004-09-29
42.60,2004-09-30
42.00,2004-10-01
43.50,2004-10-04
43.90,2004-10-05
44.60,2004-10-06
44.60,2004-10-07
45.20,2004-10-08
43.60,2004-10-11
41.50,2004-10-12
41.00,2004-10-13
41.00,2004-10-14
40.60,2004-10-15
39.50,2004-10-18
40.70,2004-10-19
40.00,2004-10-20
40.00,2004-10-21
40.10,2004-10-22
37.30,2004-10-26
36.30,2004-10-27
36.20,2004-10-28
35.60,2004-10-29
33.20,2004-11-01
35.30,2004-11-02
36.60,2004-11-03
37.00,2004-11-04
37.00,2004-11-05
36.00,2004-11-08
37.00,2004-11-09
37.80,2004-11-10
37.50,2004-11-11
38.80,2004-11-12
38.80,2004-11-15
39.00,2004-11-16
41.70,2004-11-17
41.70,2004-11-18
41.70,2004-11-19
39.10,2004-11-22
39.50,2004-11-23
40.80,2004-11-24
41.20,2004-11-25
40.70,2004-11-26
41.70,2004-11-29
42.30,2004-11-30
42.20,2004-12-01
42.50,2004-12-02
42.70,2004-12-03
42.40,2004-12-06
42.30,2004-12-07
41.20,2004-12-08
41.00,2004-12-09
41.50,2004-12-10
42.50,2004-12-13
43.20,2004-12-14
46.20,2004-12-15
46.20,2004-12-16
45.60,2004-12-17
44.80,2004-12-20
45.50,2004-12-21
44.40,2004-12-22
44.60,2004-12-23
45.90,2004-12-24
45.30,2004-12-27
45.40,2004-12-28
46.00,2004-12-29
45.70,2004-12-30
45.90,2004-12-31
44.10,2005-01-03
43.50,2005-01-04
43.30,2005-01-05
42.90,2005-01-06
41.80,2005-01-07
42.10,2005-01-10
43.10,2005-01-11
42.20,2005-01-12
41.50,2005-01-13
42.00,2005-01-14
44.20,2005-01-17
44.80,2005-01-18
44.90,2005-01-19
45.30,2005-01-20
45.50,2005-01-21
44.00,2005-01-24
44.70,2005-01-25
44.70,2005-01-26
44.90,2005-01-27
45.60,2005-01-28
48.30,2005-01-31
47.90,2005-02-01
48.20,2005-02-02
49.00,2005-02-03
49.90,2005-02-14
49.50,2005-02-15
49.30,2005-02-16
48.30,2005-02-17
49.00,2005-02-18
48.40,2005-02-21
48.40,2005-02-22
48.40,2005-02-23
47.70,2005-02-24
48.60,2005-02-25
49.75,2005-03-01
48.30,2005-03-02
46.65,2005-03-03
45.80,2005-03-04
45.65,2005-03-07
45.00,2005-03-08
45.00,2005-03-09
45.70,2005-03-10
45.70,2005-03-11
44.60,2005-03-14
43.15,2005-03-15
43.50,2005-03-16
43.20,2005-03-17
42.50,2005-03-18
42.00,2005-03-21
43.25,2005-03-22
43.45,2005-03-23
44.15,2005-03-24
44.85,2005-03-25
44.10,2005-03-28
44.20,2005-03-29
43.80,2005-03-30
46.10,2005-03-31
48.35,2005-04-01
48.40,2005-04-04
48.70,2005-04-06
49.10,2005-04-07
49.40,2005-04-08
48.00,2005-04-11
48.55,2005-04-12
48.05,2005-04-13
48.20,2005-04-14
49.00,2005-04-15
46.80,2005-04-18
46.85,2005-04-19
45.45,2005-04-20
46.40,2005-04-21
47.20,2005-04-22
47.80,2005-04-25
49.00,2005-04-26
49.50,2005-04-27
50.70,2005-04-28
49.45,2005-04-29
49.60,2005-05-03
50.40,2005-05-04
52.70,2005-05-05
53.90,2005-05-06
53.90,2005-05-09
53.10,2005-05-10
52.10,2005-05-11
52.80,2005-05-12
53.70,2005-05-13
50.80,2005-05-16
50.80,2005-05-17
51.00,2005-05-18
52.30,2005-05-19
51.40,2005-05-20
50.40,2005-05-23
50.70,2005-05-24
51.20,2005-05-25
51.80,2005-05-26
52.30,2005-05-27
51.60,2005-05-30
52.00,2005-05-31
50.90,2005-06-01
50.70,2005-06-02
52.00,2005-06-03
51.50,2005-06-06
51.40,2005-06-07
52.20,2005-06-08
52.10,2005-06-09
53.00,2005-06-10
53.10,2005-06-13
52.50,2005-06-14
53.10,2005-06-15
55.10,2005-06-16
54.80,2005-06-17
55.70,2005-06-20
54.70,2005-06-21
55.30,2005-06-22
54.50,2005-06-23
53.20,2005-06-24
52.80,2005-06-27
53.00,2005-06-28
52.60,2005-06-29
52.90,2005-06-30
54.50,2005-07-01
54.50,2005-07-04
53.80,2005-07-05
54.30,2005-07-06
53.20,2005-07-07
53.80,2005-07-08
51.90,2005-07-11
53.00,2005-07-12
53.60,2005-07-13
50.40,2005-07-14
50.00,2005-07-15
49.30,2005-07-19
49.20,2005-07-20
51.10,2005-07-21
50.60,2005-07-22
50.80,2005-07-25
50.40,2005-07-26
50.90,2005-07-27
50.80,2005-07-28
49.75,2005-07-29
49.50,2005-08-01
50.50,2005-08-02
52.60,2005-08-03
53.10,2005-08-04
52.30,2005-08-08
53.10,2005-08-09
52.30,2005-08-10
52.50,2005-08-11
52.00,2005-08-12
51.20,2005-08-15
50.80,2005-08-16
50.70,2005-08-17
50.80,2005-08-18
50.60,2005-08-19
51.80,2005-08-22
51.00,2005-08-23
51.20,2005-08-24
51.80,2005-08-25
51.20,2005-08-26
50.90,2005-08-29
49.20,2005-08-30
48.30,2005-08-31
49.70,2005-09-02
49.45,2005-09-05
50.20,2005-09-06
49.90,2005-09-07
49.00,2005-09-08
48.10,2005-09-09
48.55,2005-09-12
48.25,2005-09-13
47.80,2005-09-14
44.50,2005-09-15
43.25,2005-09-16
43.50,2005-09-19
44.80,2005-09-20
43.50,2005-09-21
41.30,2005-09-22
40.50,2005-09-23
41.30,2005-09-26
41.80,2005-09-27
41.55,2005-09-28
42.90,2005-09-29
43.00,2005-09-30
41.90,2005-10-03
41.45,2005-10-04
42.60,2005-10-05
41.85,2005-10-06
41.90,2005-10-07
42.30,2005-10-11
39.35,2005-10-12
38.35,2005-10-13
38.20,2005-10-14
37.10,2005-10-17
37.00,2005-10-18
36.05,2005-10-19
38.30,2005-10-20
38.70,2005-10-21
39.15,2005-10-24
39.00,2005-10-25
39.20,2005-10-26
39.05,2005-10-27
39.75,2005-10-28
42.40,2005-10-31
42.45,2005-11-01
42.55,2005-11-02
42.85,2005-11-03
44.35,2005-11-04
43.35,2005-11-07
43.75,2005-11-08
45.80,2005-11-09
45.50,2005-11-10
45.75,2005-11-11
46.00,2005-11-14
45.00,2005-11-15
45.00,2005-11-16
45.00,2005-11-17
45.60,2005-11-18
46.05,2005-11-21
45.05,2005-11-22
44.75,2005-11-23
44.20,2005-11-24
45.90,2005-11-25
48.30,2005-11-28
47.20,2005-11-29
48.00,2005-11-30
47.60,2005-12-01
48.20,2005-12-02
49.00,2005-12-05
45.60,2005-12-06
45.10,2005-12-07
45.10,2005-12-08
45.05,2005-12-09
44.50,2005-12-12
45.55,2005-12-13
45.85,2005-12-14
46.15,2005-12-15
47.10,2005-12-16
47.20,2005-12-19
46.30,2005-12-20
45.55,2005-12-21
45.05,2005-12-22
45.85,2005-12-23
46.95,2005-12-26
48.00,2005-12-27
47.70,2005-12-28
48.40,2005-12-29
49.00,2005-12-30
49.40,2006-01-02
50.00,2006-01-03
48.00,2006-01-04
47.65,2006-01-05
47.65,2006-01-06
49.00,2006-01-09
48.00,2006-01-10
49.85,2006-01-11
48.10,2006-01-12
47.50,2006-01-13
49.40,2006-01-16
48.50,2006-01-17
47.30,2006-01-18
48.05,2006-01-19
47.30,2006-01-20
45.55,2006-01-23
46.25,2006-01-24
46.45,2006-01-25
48.80,2006-02-03
49.70,2006-02-06
49.00,2006-02-07
48.50,2006-02-08
51.80,2006-02-09
52.00,2006-02-10
52.50,2006-02-13
53.20,2006-02-14
53.20,2006-02-15
54.60,2006-02-16
55.00,2006-02-17
55.20,2006-02-20
54.70,2006-02-21
52.90,2006-02-22
52.20,2006-02-23
53.10,2006-02-24
53.10,2006-02-27
54.30,2006-03-01
53.60,2006-03-02
51.20,2006-03-03
51.50,2006-03-06
50.40,2006-03-07
49.00,2006-03-08
49.80,2006-03-09
49.55,2006-03-10
49.70,2006-03-13
48.40,2006-03-14
48.70,2006-03-15
48.20,2006-03-16
47.55,2006-03-17
46.90,2006-03-20
47.45,2006-03-21
47.00,2006-03-22
47.30,2006-03-23
48.10,2006-03-24
47.60,2006-03-27
47.70,2006-03-28
47.95,2006-03-29
48.20,2006-03-30
48.80,2006-03-31
49.80,2006-04-03
50.70,2006-04-04
50.00,2006-04-06
48.60,2006-04-07
49.90,2006-04-10
48.50,2006-04-11
47.90,2006-04-12
48.95,2006-04-13
49.60,2006-04-14
50.40,2006-04-17
50.40,2006-04-18
51.40,2006-04-19
54.20,2006-04-20
54.20,2006-04-21
53.90,2006-04-24
51.90,2006-04-25
52.80,2006-04-26
51.50,2006-04-27
52.30,2006-04-28
52.50,2006-05-02
54.00,2006-05-03
53.20,2006-05-04
54.40,2006-05-05
54.90,2006-05-08
53.30,2006-05-09
55.10,2006-05-10
55.10,2006-05-11
53.80,2006-05-12
54.00,2006-05-15
52.80,2006-05-16
52.10,2006-05-17
50.80,2006-05-18
50.50,2006-05-19
49.00,2006-05-22
48.60,2006-05-23
48.80,2006-05-24
47.50,2006-05-25
46.50,2006-05-26
47.55,2006-05-29
47.20,2006-05-30
46.20,2006-06-01
46.85,2006-06-02
45.00,2006-06-05
45.00,2006-06-06
41.85,2006-06-07
40.00,2006-06-08
42.55,2006-06-09
42.25,2006-06-12
40.55,2006-06-13
41.50,2006-06-14
41.10,2006-06-15
43.30,2006-06-16
43.50,2006-06-19
42.15,2006-06-20
43.05,2006-06-21
44.70,2006-06-22
43.80,2006-06-23
44.60,2006-06-26
45.00,2006-06-27
44.30,2006-06-28
45.35,2006-06-29
45.70,2006-06-30
45.45,2006-07-03
44.70,2006-07-04
44.35,2006-07-05
44.50,2006-07-06
45.00,2006-07-07
44.15,2006-07-10
44.30,2006-07-11
45.90,2006-07-12
45.90,2006-07-13
44.85,2006-07-14
44.65,2006-07-17
45.30,2006-07-18
46.50,2006-07-19
48.95,2006-07-20
47.70,2006-07-21
48.50,2006-07-24
47.80,2006-07-25
48.50,2006-07-26
48.40,2006-07-27
48.20,2006-07-28
47.15,2006-07-31
46.05,2006-08-01
46.85,2006-08-02
47.70,2006-08-03
47.65,2006-08-04
48.30,2006-08-07
48.75,2006-08-08
49.20,2006-08-09
49.75,2006-08-10
49.55,2006-08-11
49.80,2006-08-14
50.50,2006-08-15
50.60,2006-08-16
49.70,2006-08-17
49.75,2006-08-18
47.80,2006-08-21
49.00,2006-08-22
48.10,2006-08-23
47.65,2006-08-24
47.00,2006-08-25
47.50,2006-08-28
48.30,2006-08-29
48.95,2006-08-30
48.70,2006-08-31
48.15,2006-09-01
49.20,2006-09-04
48.70,2006-09-05
48.90,2006-09-06
48.60,2006-09-07
48.85,2006-09-08
48.00,2006-09-11
47.40,2006-09-12
47.75,2006-09-13
47.50,2006-09-14
47.65,2006-09-15
48.75,2006-09-18
48.15,2006-09-19
47.25,2006-09-20
47.35,2006-09-21
47.30,2006-09-22
48.20,2006-09-25
47.95,2006-09-26
47.95,2006-09-27
47.45,2006-09-28
46.85,2006-09-29
46.40,2006-10-02
45.90,2006-10-03
45.15,2006-10-04
45.80,2006-10-05
46.70,2006-10-11
47.05,2006-10-12
47.00,2006-10-13
46.90,2006-10-14
47.60,2006-10-16
47.50,2006-10-17
46.80,2006-10-18
46.80,2006-10-19
47.20,2006-10-20
46.45,2006-10-23
46.05,2006-10-24
45.35,2006-10-25
44.65,2006-10-26
45.00,2006-10-27
44.95,2006-10-30
44.80,2006-10-31
45.00,2006-11-01
44.55,2006-11-02
44.55,2006-11-03
44.05,2006-11-06
44.55,2006-11-07
44.00,2006-11-08
43.10,2006-11-09
43.10,2006-11-10
42.80,2006-11-13
43.90,2006-11-14
43.75,2006-11-15
43.60,2006-11-16
43.25,2006-11-17
43.00,2006-11-20
43.25,2006-11-21
43.30,2006-11-22
43.45,2006-11-23
43.95,2006-11-24
43.90,2006-11-27
43.20,2006-11-28
43.10,2006-11-29
43.50,2006-11-30
43.50,2006-12-01
43.10,2006-12-04
43.80,2006-12-05
44.80,2006-12-06
44.80,2006-12-07
43.70,2006-12-08
43.40,2006-12-11
42.60,2006-12-12
42.10,2006-12-13
42.40,2006-12-14
42.65,2006-12-15
43.35,2006-12-18
43.85,2006-12-19
44.70,2006-12-20
44.20,2006-12-21
44.20,2006-12-22
44.05,2006-12-25
44.20,2006-12-26
44.40,2006-12-27
44.80,2006-12-28
45.30,2006-12-29
44.55,2007-01-02
44.50,2007-01-03
45.70,2007-01-04
45.45,2007-01-05
44.80,2007-01-08
44.20,2007-01-09
43.50,2007-01-10
43.85,2007-01-11
44.95,2007-01-12
44.30,2007-01-15
44.70,2007-01-16
44.30,2007-01-17
44.35,2007-01-18
43.80,2007-01-19
44.00,2007-01-22
43.80,2007-01-23
44.00,2007-01-24
44.90,2007-01-25
44.10,2007-01-26
43.65,2007-01-29
43.30,2007-01-30
43.70,2007-01-31
44.90,2007-02-01
45.85,2007-02-02
45.90,2007-02-05
47.70,2007-02-06
47.30,2007-02-07
47.00,2007-02-08
48.10,2007-02-09
48.10,2007-02-12
47.05,2007-02-13
48.10,2007-02-14
48.60,2007-02-26
47.70,2007-02-27
46.60,2007-03-01
46.25,2007-03-02
45.65,2007-03-03
44.90,2007-03-05
45.55,2007-03-06
45.10,2007-03-07
46.80,2007-03-08
47.45,2007-03-09
47.40,2007-03-12
47.55,2007-03-13
46.00,2007-03-14
46.80,2007-03-15
46.55,2007-03-16
48.10,2007-03-19
48.35,2007-03-20
48.30,2007-03-21
48.00,2007-03-22
48.00,2007-03-23
48.40,2007-03-26
47.60,2007-03-27
46.25,2007-03-28
47.00,2007-03-29
47.30,2007-03-30
47.85,2007-04-02
49.00,2007-04-03
50.20,2007-04-04
51.00,2007-04-09
50.40,2007-04-10
52.20,2007-04-11
52.40,2007-04-12
52.20,2007-04-13
51.90,2007-04-14
51.80,2007-04-16
51.70,2007-04-17
51.20,2007-04-18
50.80,2007-04-19
52.10,2007-04-20
52.80,2007-04-23
54.00,2007-04-24
54.00,2007-04-25
53.70,2007-04-26
53.20,2007-04-27
52.70,2007-04-30
53.40,2007-05-02
54.00,2007-05-03
54.00,2007-05-04
54.90,2007-05-07
54.80,2007-05-08
53.90,2007-05-09
53.00,2007-05-10
51.20,2007-05-11
51.70,2007-05-14
50.80,2007-05-15
51.30,2007-05-16
53.00,2007-05-17
52.70,2007-05-18
52.80,2007-05-21
52.50,2007-05-22
53.30,2007-05-23
52.30,2007-05-24
52.10,2007-05-25
52.10,2007-05-28
51.60,2007-05-29
51.10,2007-05-30
51.00,2007-05-31
52.80,2007-06-01
53.00,2007-06-04
53.40,2007-06-05
54.00,2007-06-06
54.10,2007-06-07
54.70,2007-06-08
54.70,2007-06-11
55.20,2007-06-12
55.30,2007-06-13
57.30,2007-06-14
57.30,2007-06-15
58.40,2007-06-20
59.10,2007-06-21
58.00,2007-06-22
57.40,2007-06-23
56.20,2007-06-25
55.80,2007-06-26
56.70,2007-06-27
56.50,2007-06-28
56.00,2007-06-29
55.80,2007-07-02
56.90,2007-07-03
56.30,2007-07-04
56.70,2007-07-05
56.70,2007-07-06
57.90,2007-07-09
58.80,2007-07-10
58.10,2007-07-11
57.00,2007-07-12
56.70,2007-07-13
55.70,2007-07-16
57.30,2007-07-17
56.00,2007-07-18
55.40,2007-07-19
56.30,2007-07-20
55.50,2007-07-23
54.40,2007-07-24
52.80,2007-07-25
54.00,2007-07-26
54.80,2007-07-27
55.60,2007-07-30
56.00,2007-07-31
52.60,2007-08-01
53.10,2007-08-02
54.90,2007-08-03
53.00,2007-08-06
52.10,2007-08-07
53.70,2007-08-08
55.10,2007-08-09
53.00,2007-08-10
52.00,2007-08-13
51.80,2007-08-14
49.00,2007-08-15
46.00,2007-08-16
45.90,2007-08-17
48.50,2007-08-20
47.00,2007-08-21
47.50,2007-08-22
49.35,2007-08-23
48.80,2007-08-24
49.55,2007-08-27
48.80,2007-08-28
46.20,2007-08-29
46.95,2007-08-30
47.80,2007-08-31
46.90,2007-09-03
47.00,2007-09-04
47.70,2007-09-05
48.80,2007-09-06
50.50,2007-09-07
49.15,2007-09-10
48.50,2007-09-11
50.60,2007-09-12
50.30,2007-09-13
50.30,2007-09-14
49.45,2007-09-17
49.70,2007-09-19
51.60,2007-09-20
52.50,2007-09-21
55.10,2007-09-26
57.20,2007-09-27
56.30,2007-09-28
57.80,2007-09-29
57.40,2007-10-01
56.60,2007-10-02
56.30,2007-10-03
55.70,2007-10-04
56.50,2007-10-05
60.40,2007-10-08
62.40,2007-10-09
62.50,2007-10-11
60.50,2007-10-12
64.60,2007-10-15
63.50,2007-10-16
64.30,2007-10-17
68.00,2007-10-18
69.40,2007-10-19
69.60,2007-10-22
67.20,2007-10-23
65.00,2007-10-24
65.60,2007-10-25
65.70,2007-10-26
69.00,2007-10-29
68.50,2007-10-30
69.00,2007-10-31
67.60,2007-11-01
66.50,2007-11-02
70.20,2007-11-05
70.00,2007-11-06
70.40,2007-11-07
67.20,2007-11-08
67.80,2007-11-09
63.10,2007-11-12
63.50,2007-11-13
64.20,2007-11-14
65.00,2007-11-15
62.60,2007-11-16
63.10,2007-11-19
66.20,2007-11-20
63.00,2007-11-21
63.60,2007-11-22
61.00,2007-11-23
62.00,2007-11-26
61.00,2007-11-27
59.50,2007-11-28
61.00,2007-11-29
62.50,2007-11-30
63.20,2007-12-03
64.30,2007-12-04
64.30,2007-12-05
63.80,2007-12-06
63.40,2007-12-07
61.90,2007-12-10
61.90,2007-12-11
58.90,2007-12-12
54.80,2007-12-13
56.20,2007-12-14
52.30,2007-12-17
53.10,2007-12-18
55.50,2007-12-19
54.00,2007-12-20
57.10,2007-12-21
58.50,2007-12-24
60.90,2007-12-25
60.20,2007-12-26
60.40,2007-12-27
63.00,2007-12-28
63.50,2007-12-31
60.80,2008-01-02
58.30,2008-01-03
59.00,2008-01-04
54.90,2008-01-07
54.60,2008-01-08
56.60,2008-01-09
56.40,2008-01-10
57.10,2008-01-11
57.70,2008-01-14
59.60,2008-01-15
56.10,2008-01-16
57.30,2008-01-17
58.80,2008-01-18
57.20,2008-01-21
53.20,2008-01-22
51.90,2008-01-23
53.30,2008-01-24
56.80,2008-01-25
53.10,2008-01-28
54.30,2008-01-29
54.30,2008-01-30
53.10,2008-01-31
53.20,2008-02-01
51.10,2008-02-12
52.70,2008-02-13
55.40,2008-02-14
55.60,2008-02-15
54.40,2008-02-18
55.60,2008-02-19
53.20,2008-02-20
55.00,2008-02-21
57.00,2008-02-22
59.40,2008-02-25
61.20,2008-02-26
61.30,2008-02-27
60.70,2008-02-29
58.20,2008-03-03
60.00,2008-03-04
58.70,2008-03-05
60.80,2008-03-06
61.10,2008-03-07
58.90,2008-03-10
58.30,2008-03-11
58.30,2008-03-12
57.50,2008-03-13
57.10,2008-03-14
56.00,2008-03-17
57.00,2008-03-18
57.00,2008-03-19
56.20,2008-03-20
57.10,2008-03-21
56.00,2008-03-24
55.10,2008-03-25
52.60,2008-03-26
51.60,2008-03-27
52.90,2008-03-28
52.70,2008-03-31
52.90,2008-04-01
55.20,2008-04-02
55.30,2008-04-03
55.50,2008-04-07
54.30,2008-04-08
54.80,2008-04-09
55.30,2008-04-10
56.70,2008-04-11
54.80,2008-04-14
54.10,2008-04-15
54.80,2008-04-16
55.60,2008-04-17
57.80,2008-04-18
58.30,2008-04-21
58.40,2008-04-22
59.90,2008-04-23
59.20,2008-04-24
60.50,2008-04-25
60.50,2008-04-28
59.10,2008-04-29
59.50,2008-04-30
61.60,2008-05-02
60.80,2008-05-05
62.30,2008-05-06
62.70,2008-05-07
59.90,2008-05-08
59.00,2008-05-09
59.80,2008-05-12
60.70,2008-05-13
61.20,2008-05-14
61.40,2008-05-15
60.30,2008-05-16
59.00,2008-05-19
58.10,2008-05-20
57.70,2008-05-21
58.00,2008-05-22
56.20,2008-05-23
56.00,2008-05-26
57.20,2008-05-27
56.00,2008-05-28
56.20,2008-05-29
58.40,2008-05-30
57.60,2008-06-02
55.10,2008-06-03
54.50,2008-06-04
55.10,2008-06-05
55.20,2008-06-06
54.20,2008-06-09
53.10,2008-06-10
53.10,2008-06-11
52.60,2008-06-12
52.60,2008-06-13
53.00,2008-06-16
52.40,2008-06-17
52.00,2008-06-18
51.00,2008-06-19
51.10,2008-06-20
50.60,2008-06-23
47.95,2008-06-24
49.25,2008-06-25
49.00,2008-06-26
47.10,2008-06-27
47.70,2008-06-30
48.00,2008-07-01
48.00,2008-07-02
48.20,2008-07-03
46.95,2008-07-04
47.65,2008-07-07
44.90,2008-07-08
41.80,2008-07-09
41.20,2008-07-10
43.40,2008-07-11
42.05,2008-07-14
39.30,2008-07-15
39.50,2008-07-16
41.10,2008-07-17
38.45,2008-07-18
40.65,2008-07-21
40.20,2008-07-22
41.60,2008-07-23
42.45,2008-07-24
40.60,2008-07-25
38.80,2008-07-29
38.60,2008-07-30
34.30,2008-07-31
35.25,2008-08-01
35.50,2008-08-04
34.40,2008-08-05
36.80,2008-08-06
36.00,2008-08-07
37.55,2008-08-08
38.15,2008-08-11
38.85,2008-08-12
38.50,2008-08-13
38.50,2008-08-14
38.05,2008-08-15
37.85,2008-08-18
36.35,2008-08-19
36.25,2008-08-20
36.00,2008-08-21
35.90,2008-08-22
36.60,2008-08-25
36.30,2008-08-26
37.15,2008-08-27
37.80,2008-08-28
38.05,2008-08-29
36.15,2008-09-01
35.25,2008-09-02
35.15,2008-09-03
34.10,2008-09-04
33.80,2008-09-05
36.15,2008-09-08
34.10,2008-09-09
34.95,2008-09-10
34.05,2008-09-11
34.30,2008-09-12
33.20,2008-09-15
31.05,2008-09-16
33.20,2008-09-17
33.20,2008-09-18
35.50,2008-09-19
37.50,2008-09-22
38.00,2008-09-23
37.55,2008-09-24
36.70,2008-09-25
36.50,2008-09-26
35.50,2008-09-30
35.50,2008-10-01
35.60,2008-10-02
36.00,2008-10-03
34.75,2008-10-06
35.00,2008-10-07
32.55,2008-10-08
30.90,2008-10-09
29.85,2008-10-13
31.90,2008-10-14
31.60,2008-10-15
30.50,2008-10-16
29.45,2008-10-17
28.45,2008-10-20
27.50,2008-10-21
26.55,2008-10-22
25.65,2008-10-23
24.80,2008-10-24
23.10,2008-10-27
22.80,2008-10-28
21.25,2008-10-29
22.25,2008-10-30
22.75,2008-10-31
24.30,2008-11-03
23.95,2008-11-04
24.00,2008-11-05
22.35,2008-11-06
22.20,2008-11-07
22.30,2008-11-10
21.60,2008-11-11
21.65,2008-11-12
20.15,2008-11-13
20.45,2008-11-14
19.05,2008-11-17
18.30,2008-11-18
19.40,2008-11-19
18.50,2008-11-20
19.75,2008-11-21
19.40,2008-11-24
19.50,2008-11-25
19.50,2008-11-26
20.50,2008-11-27
20.55,2008-11-28
20.55,2008-12-01
19.50,2008-12-02
19.30,2008-12-03
19.65,2008-12-04
19.85,2008-12-05
21.20,2008-12-08
21.20,2008-12-09
22.65,2008-12-10
23.50,2008-12-11
23.20,2008-12-12
23.90,2008-12-15
23.90,2008-12-16
24.05,2008-12-17
24.05,2008-12-18
23.15,2008-12-19
23.00,2008-12-22
21.80,2008-12-23
22.10,2008-12-24
22.00,2008-12-25
22.55,2008-12-26
22.10,2008-12-29
23.60,2008-12-30
24.70,2008-12-31
26.40,2009-01-05
27.50,2009-01-06
27.40,2009-01-07
25.50,2009-01-08
25.50,2009-01-09
24.90,2009-01-10
23.70,2009-01-12
24.50,2009-01-13
25.00,2009-01-14
23.55,2009-01-15
24.40,2009-01-16
24.50,2009-01-17
24.75,2009-01-19
23.55,2009-01-20
23.05,2009-01-21
23.30,2009-02-02
24.55,2009-02-03
25.50,2009-02-04
25.15,2009-02-05
26.90,2009-02-06
27.80,2009-02-09
27.70,2009-02-10
27.30,2009-02-11
26.00,2009-02-12
27.20,2009-02-13
26.50,2009-02-16
26.25,2009-02-17
26.00,2009-02-18
26.75,2009-02-19
25.50,2009-02-20
25.30,2009-02-23
25.50,2009-02-24
25.85,2009-02-25
25.45,2009-02-26
26.00,2009-02-27
24.25,2009-03-02
25.00,2009-03-03
25.70,2009-03-04
26.30,2009-03-05
26.00,2009-03-06
25.85,2009-03-09
25.55,2009-03-10
25.00,2009-03-11
25.00,2009-03-12
26.75,2009-03-13
27.50,2009-03-16
27.30,2009-03-17
27.90,2009-03-18
28.50,2009-03-19
27.50,2009-03-20
28.30,2009-03-23
28.40,2009-03-24
28.85,2009-03-25
29.35,2009-03-26
29.90,2009-03-27
28.70,2009-03-30
28.05,2009-03-31
28.50,2009-04-01
29.45,2009-04-02
29.00,2009-04-03
30.20,2009-04-06
29.75,2009-04-07
29.00,2009-04-08
30.40,2009-04-09
32.40,2009-04-10
33.25,2009-04-13
32.90,2009-04-14
31.80,2009-04-15
32.50,2009-04-16
32.00,2009-04-17
33.35,2009-04-20
35.00,2009-04-21
34.40,2009-04-22
35.25,2009-04-23
35.00,2009-04-24
33.10,2009-04-27
31.80,2009-04-28
32.05,2009-04-29
34.25,2009-04-30
36.60,2009-05-04
37.95,2009-05-05
38.20,2009-05-06
37.30,2009-05-07
37.00,2009-05-08
36.65,2009-05-11
35.00,2009-05-12
35.00,2009-05-13
33.05,2009-05-14
34.60,2009-05-15
34.55,2009-05-18
34.75,2009-05-19
35.90,2009-05-20
36.00,2009-05-21
35.00,2009-05-22
33.70,2009-05-25
32.95,2009-05-26
33.60,2009-05-27
34.25,2009-06-01
34.30,2009-06-02
34.60,2009-06-03
34.05,2009-06-04
35.00,2009-06-05
35.05,2009-06-06
35.10,2009-06-08
34.80,2009-06-09
35.35,2009-06-10
36.00,2009-06-11
34.60,2009-06-12
33.20,2009-06-15
32.00,2009-06-16
32.15,2009-06-17
31.60,2009-06-18
31.50,2009-06-19
32.80,2009-06-22
31.70,2009-06-23
32.55,2009-06-24
32.60,2009-06-25
32.15,2009-06-26
31.60,2009-06-29
32.00,2009-06-30
32.90,2009-07-01
34.05,2009-07-02
33.75,2009-07-03
33.80,2009-07-06
34.00,2009-07-07
34.30,2009-07-08
36.00,2009-07-09
36.10,2009-07-10
35.35,2009-07-13
37.65,2009-07-14
37.60,2009-07-15
37.60,2009-07-16
38.20,2009-07-17
38.80,2009-07-20
38.90,2009-07-21
38.05,2009-07-22
38.20,2009-07-23
36.75,2009-07-24
36.60,2009-07-27
36.80,2009-07-28
37.00,2009-07-29
36.55,2009-07-30
36.40,2009-07-31
36.80,2009-08-03
36.50,2009-08-04
35.20,2009-08-05
34.90,2009-08-06
33.90,2009-08-10
34.30,2009-08-11
34.85,2009-08-12
35.30,2009-08-13
35.60,2009-08-14
34.80,2009-08-17
33.70,2009-08-18
33.80,2009-08-19
33.65,2009-08-20
33.35,2009-08-21
33.85,2009-08-24
33.15,2009-08-25
32.15,2009-08-26
32.30,2009-08-27
33.10,2009-08-28
33.20,2009-08-31
33.55,2009-09-01
32.75,2009-09-02
33.50,2009-09-03
33.30,2009-09-04
33.00,2009-09-07
34.00,2009-09-08
33.40,2009-09-09
33.50,2009-09-10
32.85,2009-09-11
31.60,2009-09-14
31.70,2009-09-15
31.70,2009-09-16
31.80,2009-09-17
32.45,2009-09-18
32.60,2009-09-21
32.80,2009-09-22
32.60,2009-09-23
32.00,2009-09-24
31.50,2009-09-25
30.85,2009-09-28
31.70,2009-09-29
31.25,2009-09-30
31.10,2009-10-01
30.90,2009-10-02
30.80,2009-10-05
31.50,2009-10-06
32.15,2009-10-07
31.60,2009-10-08
31.90,2009-10-09
32.25,2009-10-12
32.85,2009-10-13
32.55,2009-10-14
33.20,2009-10-15
32.40,2009-10-16
32.20,2009-10-19
32.70,2009-10-20
32.05,2009-10-21
31.30,2009-10-22
31.55,2009-10-23
31.30,2009-10-26
30.90,2009-10-27
30.15,2009-10-28
29.40,2009-10-29
29.40,2009-10-30
28.90,2009-11-02
29.00,2009-11-03
30.15,2009-11-04
29.80,2009-11-05
29.65,2009-11-06
29.85,2009-11-09
30.85,2009-11-10
31.20,2009-11-11
31.10,2009-11-12
31.65,2009-11-13
31.70,2009-11-16
31.95,2009-11-17
31.70,2009-11-18
31.35,2009-11-19
31.55,2009-11-20
31.65,2009-11-23
31.50,2009-11-24
32.80,2009-11-25
33.60,2009-11-26
32.90,2009-11-27
33.10,2009-11-30
34.35,2009-12-01
34.55,2009-12-02
34.55,2009-12-03
34.05,2009-12-04
35.20,2009-12-07
35.05,2009-12-08
35.20,2009-12-09
34.70,2009-12-10
35.40,2009-12-11
35.80,2009-12-14
35.35,2009-12-15
34.65,2009-12-16
35.30,2009-12-17
35.90,2009-12-18
37.95,2009-12-21
38.30,2009-12-22
37.80,2009-12-23
37.90,2009-12-24
38.00,2009-12-25
38.25,2009-12-28
38.05,2009-12-29
38.50,2009-12-30
38.80,2009-12-31
39.90,2010-01-04
39.95,2010-01-05
42.00,2010-01-06
41.15,2010-01-07
41.70,2010-01-08
41.60,2010-01-11
40.85,2010-01-12
39.70,2010-01-13
40.30,2010-01-14
40.95,2010-01-15
40.00,2010-01-18
38.90,2010-01-19
38.45,2010-01-20
38.20,2010-01-21
38.10,2010-01-22
38.10,2010-01-25
36.90,2010-01-26
36.65,2010-01-27
38.00,2010-01-28
35.85,2010-01-29
34.30,2010-02-01
34.70,2010-02-02
35.40,2010-02-03
35.30,2010-02-04
33.60,2010-02-05
34.45,2010-02-06
34.90,2010-02-08
36.20,2010-02-09
36.30,2010-02-10
35.55,2010-02-22
34.60,2010-02-23
33.80,2010-02-24
32.80,2010-02-25
33.00,2010-02-26
34.25,2010-03-01
34.05,2010-03-02
33.75,2010-03-03
33.40,2010-03-04
34.10,2010-03-05
35.35,2010-03-08
35.50,2010-03-09
35.00,2010-03-10
34.70,2010-03-11
34.70,2010-03-12
34.75,2010-03-15
35.70,2010-03-16
37.00,2010-03-17
36.80,2010-03-18
36.80,2010-03-19
36.75,2010-03-22
36.20,2010-03-23
36.05,2010-03-24
35.70,2010-03-25
36.20,2010-03-26
35.75,2010-03-29
36.00,2010-03-30
36.10,2010-03-31
36.35,2010-04-01
36.80,2010-04-02
37.00,2010-04-06
36.75,2010-04-07
36.05,2010-04-08
35.75,2010-04-09
36.45,2010-04-12
35.70,2010-04-13
35.95,2010-04-14
35.65,2010-04-15
35.70,2010-04-16
34.55,2010-04-19
34.75,2010-04-20
36.00,2010-04-21
36.35,2010-04-22
37.65,2010-04-23
37.75,2010-04-26
37.25,2010-04-27
36.60,2010-04-28
37.05,2010-04-29
36.60,2010-04-30
36.90,2010-05-03
36.55,2010-05-04
35.00,2010-05-05
33.50,2010-05-06
33.80,2010-05-07
34.35,2010-05-10
33.30,2010-05-11
32.90,2010-05-12
33.80,2010-05-13
34.20,2010-05-14
32.70,2010-05-17
31.45,2010-05-18
30.85,2010-05-19
30.40,2010-05-20
30.05,2010-05-21
30.80,2010-05-24
29.80,2010-05-25
29.65,2010-05-26
30.35,2010-05-27
30.95,2010-05-28
31.45,2010-05-31
30.95,2010-06-01
29.90,2010-06-02
30.80,2010-06-03
30.70,2010-06-04
29.65,2010-06-07
29.40,2010-06-08
28.60,2010-06-09
29.50,2010-06-10
30.40,2010-06-11
30.85,2010-06-14
31.30,2010-06-15
31.35,2010-06-17
30.85,2010-06-18
31.20,2010-06-21
30.85,2010-06-22
30.30,2010-06-23
30.35,2010-06-24
30.45,2010-06-25
30.25,2010-06-28
29.50,2010-06-29
28.80,2010-06-30
28.40,2010-07-01
28.45,2010-07-02
29.10,2010-07-05
29.50,2010-07-06
29.35,2010-07-07
30.70,2010-07-08
31.10,2010-07-09
31.35,2010-07-12
30.65,2010-07-13
31.15,2010-07-14
30.45,2010-07-15
29.95,2010-07-16
29.30,2010-07-19
29.95,2010-07-20
29.70,2010-07-21
29.30,2010-07-22
30.00,2010-07-23
30.80,2010-07-26
30.60,2010-07-27
30.80,2010-07-28
30.85,2010-07-29
30.35,2010-07-30
30.75,2010-08-02
31.00,2010-08-03
30.20,2010-08-04
30.05,2010-08-05
30.50,2010-08-06
30.90,2010-08-09
30.35,2010-08-10
30.20,2010-08-11
29.60,2010-08-12
29.65,2010-08-13
29.40,2010-08-16
28.95,2010-08-17
28.85,2010-08-18
29.10,2010-08-19
28.90,2010-08-20
28.30,2010-08-23
28.00,2010-08-24
27.30,2010-08-25
27.65,2010-08-26
27.95,2010-08-27
27.95,2010-08-30
27.65,2010-08-31
27.50,2010-09-01
27.85,2010-09-02
29.20,2010-09-03
29.00,2010-09-06
28.95,2010-09-07
29.05,2010-09-08
30.05,2010-09-09
30.40,2010-09-10
30.55,2010-09-13
30.45,2010-09-14
30.80,2010-09-15
30.55,2010-09-16
30.60,2010-09-17
30.60,2010-09-20
30.60,2010-09-21
31.05,2010-09-23
30.40,2010-09-24
30.50,2010-09-27
31.20,2010-09-28
32.80,2010-09-29
32.40,2010-09-30
32.70,2010-10-01
31.85,2010-10-04
31.65,2010-10-05
32.15,2010-10-06
31.95,2010-10-07
30.70,2010-10-08
30.30,2010-10-11
29.90,2010-10-12
30.05,2010-10-13
30.65,2010-10-14
30.85,2010-10-15
30.20,2010-10-18
30.10,2010-10-19
29.90,2010-10-20
29.10,2010-10-21
29.45,2010-10-22
30.00,2010-10-25
30.75,2010-10-26
30.75,2010-10-27
31.05,2010-10-28
30.55,2010-10-29
30.70,2010-11-01
30.55,2010-11-02
30.65,2010-11-03
30.95,2010-11-04
31.15,2010-11-05
30.50,2010-11-08
30.65,2010-11-09
30.35,2010-11-10
30.25,2010-11-11
29.75,2010-11-12
29.00,2010-11-15
29.15,2010-11-16
29.20,2010-11-17
29.10,2010-11-18
29.20,2010-11-19
30.00,2010-11-22
30.50,2010-11-23
30.20,2010-11-24
31.00,2010-11-25
30.45,2010-11-26
30.80,2010-11-29
30.50,2010-11-30
30.60,2010-12-01
30.20,2010-12-02
30.00,2010-12-03
30.35,2010-12-06
30.75,2010-12-07
30.80,2010-12-08
30.05,2010-12-09
30.10,2010-12-10
31.00,2010-12-13
30.65,2010-12-14
31.00,2010-12-15
31.40,2010-12-16
31.00,2010-12-17
30.55,2010-12-20
30.65,2010-12-21
30.45,2010-12-22
30.60,2010-12-23
30.55,2010-12-24
30.30,2010-12-27
30.35,2010-12-28
30.15,2010-12-29
30.30,2010-12-30
30.30,2010-12-31
30.35,2011-01-03
30.20,2011-01-04
30.05,2011-01-05
29.90,2011-01-06
29.50,2011-01-07
29.00,2011-01-10
29.10,2011-01-11
29.35,2011-01-12
29.30,2011-01-13
29.15,2011-01-14
28.80,2011-01-17
28.85,2011-01-18
29.75,2011-01-19
29.10,2011-01-20
28.55,2011-01-21
28.60,2011-01-24
28.70,2011-01-25
29.15,2011-01-26
28.90,2011-01-27
28.95,2011-01-28
28.20,2011-02-08
27.60,2011-02-09
27.00,2011-02-10
26.30,2011-02-11
26.60,2011-02-14
26.50,2011-02-15
26.90,2011-02-16
27.20,2011-02-17
27.10,2011-02-18
26.65,2011-02-21
26.15,2011-02-22
25.80,2011-02-23
26.20,2011-02-24
26.90,2011-02-25
27.00,2011-03-01
26.50,2011-03-02
27.10,2011-03-03
27.25,2011-03-04
26.70,2011-03-07
27.05,2011-03-08
27.05,2011-03-09
26.70,2011-03-10
26.50,2011-03-11
25.80,2011-03-14
24.35,2011-03-15
24.60,2011-03-16
25.00,2011-03-17
25.50,2011-03-18
25.10,2011-03-21
25.00,2011-03-22
24.80,2011-03-23
24.90,2011-03-24
24.95,2011-03-25
24.65,2011-03-28
24.65,2011-03-29
24.50,2011-03-30
25.70,2011-03-31
25.05,2011-04-01
25.65,2011-04-06
25.60,2011-04-07
26.00,2011-04-08
25.80,2011-04-11
25.25,2011-04-12
25.50,2011-04-13
25.30,2011-04-14
25.05,2011-04-15
24.60,2011-04-18
24.80,2011-04-19
25.00,2011-04-20
24.65,2011-04-21
24.75,2011-04-22
24.80,2011-04-25
24.90,2011-04-26
24.85,2011-04-27
24.15,2011-04-28
22.95,2011-04-29
23.20,2011-05-03
23.00,2011-05-04
23.05,2011-05-05
23.35,2011-05-06
23.85,2011-05-09
23.90,2011-05-10
23.40,2011-05-11
22.90,2011-05-12
22.85,2011-05-13
22.10,2011-05-16
21.50,2011-05-17
22.30,2011-05-18
21.70,2011-05-19
22.10,2011-05-20
21.60,2011-05-23
22.45,2011-05-24
23.15,2011-05-25
23.25,2011-05-26
23.00,2011-05-27
23.00,2011-05-30
23.55,2011-05-31
23.55,2011-06-01
23.20,2011-06-02
23.40,2011-06-03
23.10,2011-06-07
22.70,2011-06-08
22.55,2011-06-09
22.30,2011-06-10
22.30,2011-06-13
22.45,2011-06-14
22.40,2011-06-15
21.60,2011-06-16
20.50,2011-06-17
19.45,2011-06-20
19.90,2011-06-21
20.20,2011-06-22
19.50,2011-06-23
19.75,2011-06-24
19.40,2011-06-27
19.35,2011-06-28
19.35,2011-06-29
19.60,2011-06-30
19.55,2011-07-01
19.25,2011-07-04
18.25,2011-07-05
18.50,2011-07-06
18.40,2011-07-07
18.45,2011-07-08
18.00,2011-07-11
17.30,2011-07-12
17.35,2011-07-13
17.25,2011-07-14
17.65,2011-07-15
17.00,2011-07-18
17.30,2011-07-19
17.60,2011-07-20
17.65,2011-07-21
17.80,2011-07-22
17.45,2011-07-25
17.70,2011-07-26
17.75,2011-07-27
16.70,2011-07-28
15.75,2011-07-29
15.95,2011-08-01
15.35,2011-08-02
16.05,2011-08-03
15.25,2011-08-04
14.20,2011-08-05
13.25,2011-08-08
12.45,2011-08-09
13.30,2011-08-10
13.55,2011-08-11
13.60,2011-08-12
13.85,2011-08-15
13.70,2011-08-16
13.30,2011-08-17
13.50,2011-08-18
12.60,2011-08-19
12.25,2011-08-22
12.50,2011-08-23
12.35,2011-08-24
12.00,2011-08-25
12.25,2011-08-26
12.85,2011-08-29
12.95,2011-08-30
13.80,2011-08-31
14.00,2011-09-01
14.15,2011-09-02
13.20,2011-09-05
12.55,2011-09-06
12.75,2011-09-07
12.80,2011-09-08
12.90,2011-09-09
12.35,2011-09-13
12.00,2011-09-14
12.60,2011-09-15
12.80,2011-09-16
12.60,2011-09-19
12.90,2011-09-20
13.60,2011-09-21
13.00,2011-09-22
12.75,2011-09-23
12.05,2011-09-26
12.35,2011-09-27
12.35,2011-09-28
12.45,2011-09-29
12.45,2011-09-30
12.15,2011-10-03
12.10,2011-10-04
11.90,2011-10-05
12.20,2011-10-06
12.30,2011-10-07
12.75,2011-10-11
12.75,2011-10-12
12.85,2011-10-13
12.80,2011-10-14
12.75,2011-10-17
12.15,2011-10-18
12.25,2011-10-19
11.90,2011-10-20
12.05,2011-10-21
12.40,2011-10-24
12.65,2011-10-25
12.30,2011-10-26
12.35,2011-10-27
13.20,2011-10-28
13.15,2011-10-31
13.70,2011-11-01
14.20,2011-11-02
14.00,2011-11-03
14.95,2011-11-04
14.95,2011-11-07
14.90,2011-11-08
14.45,2011-11-09
13.70,2011-11-10
14.65,2011-11-11
14.75,2011-11-14
15.00,2011-11-15
14.50,2011-11-16
14.65,2011-11-17
13.75,2011-11-18
13.35,2011-11-21
13.70,2011-11-22
12.75,2011-11-23
13.30,2011-11-24
13.00,2011-11-25
13.90,2011-11-28
14.10,2011-11-29
14.05,2011-11-30
15.00,2011-12-01
14.75,2011-12-02
14.55,2011-12-05
14.00,2011-12-06
14.45,2011-12-07
13.80,2011-12-08
13.60,2011-12-09
13.30,2011-12-12
13.35,2011-12-13
13.20,2011-12-14
12.65,2011-12-15
12.70,2011-12-16
12.75,2011-12-19
12.85,2011-12-20
13.70,2011-12-21
13.40,2011-12-22
13.75,2011-12-23
13.55,2011-12-26
13.60,2011-12-27
13.25,2011-12-28
13.25,2011-12-29
13.00,2011-12-30
12.85,2012-01-02
13.05,2012-01-03
13.10,2012-01-04
13.15,2012-01-05
12.90,2012-01-06
12.85,2012-01-09
13.70,2012-01-10
14.30,2012-01-11
14.25,2012-01-12
13.90,2012-01-13
14.25,2012-01-16
14.95,2012-01-17
14.80,2012-01-18
15.75,2012-01-30
15.80,2012-01-31
15.85,2012-02-01
16.95,2012-02-02
17.40,2012-02-03
16.70,2012-02-04
16.70,2012-02-06
16.80,2012-02-07
16.90,2012-02-08
16.30,2012-02-09
16.45,2012-02-10
16.30,2012-02-13
16.25,2012-02-14
16.90,2012-02-15
16.00,2012-02-16
15.60,2012-02-17
15.60,2012-02-20
14.90,2012-02-21
15.15,2012-02-22
14.90,2012-02-23
15.90,2012-02-24
15.90,2012-02-29
15.80,2012-03-01
15.50,2012-03-02
15.65,2012-03-03
15.65,2012-03-05
15.70,2012-03-06
15.35,2012-03-07
15.45,2012-03-08
16.00,2012-03-09
15.65,2012-03-12
15.85,2012-03-13
15.35,2012-03-14
15.20,2012-03-15
15.50,2012-03-16
15.30,2012-03-19
15.15,2012-03-20
15.25,2012-03-21
15.15,2012-03-22
14.65,2012-03-23
14.10,2012-03-26
14.30,2012-03-27
14.35,2012-03-28
13.70,2012-03-29
13.65,2012-03-30
14.00,2012-04-02
13.80,2012-04-03
14.45,2012-04-05
14.45,2012-04-06
13.90,2012-04-09
14.70,2012-04-10
14.55,2012-04-11
14.60,2012-04-12
15.20,2012-04-13
14.80,2012-04-16
14.25,2012-04-17
14.15,2012-04-18
14.30,2012-04-19
14.20,2012-04-20
13.80,2012-04-23
13.45,2012-04-24
14.00,2012-04-25
13.65,2012-04-26
13.40,2012-04-27
13.10,2012-04-30
13.70,2012-05-02
13.80,2012-05-03
14.00,2012-05-04
13.65,2012-05-07
13.35,2012-05-08
13.10,2012-05-09
13.05,2012-05-10
13.05,2012-05-11
12.95,2012-05-14
12.65,2012-05-15
12.40,2012-05-16
12.85,2012-05-17
12.10,2012-05-18
12.15,2012-05-21
12.35,2012-05-22
11.85,2012-05-23
11.90,2012-05-24
11.85,2012-05-25
12.10,2012-05-28
12.55,2012-05-29
12.55,2012-05-30
12.20,2012-05-31
11.90,2012-06-01
11.10,2012-06-04
11.30,2012-06-05
11.65,2012-06-06
11.70,2012-06-07
11.25,2012-06-08
11.95,2012-06-11
11.85,2012-06-12
11.90,2012-06-13
11.85,2012-06-14
11.95,2012-06-15
12.20,2012-06-18
12.00,2012-06-19
12.15,2012-06-20
12.05,2012-06-21
11.90,2012-06-22
11.80,2012-06-25
11.65,2012-06-26
11.90,2012-06-27
11.80,2012-06-28
12.05,2012-06-29
12.00,2012-07-02
12.15,2012-07-03
12.15,2012-07-04
12.05,2012-07-05
12.10,2012-07-06
11.75,2012-07-09
11.40,2012-07-10
11.50,2012-07-11
11.20,2012-07-12
11.20,2012-07-13
11.00,2012-07-16
10.95,2012-07-17
10.55,2012-07-18
10.35,2012-07-19
10.35,2012-07-20
10.00,2012-07-23
9.68,2012-07-24
9.50,2012-07-25
9.05,2012-07-26
9.07,2012-07-27
8.92,2012-07-30
9.29,2012-07-31
8.99,2012-08-01
8.37,2012-08-03
8.21,2012-08-06
8.27,2012-08-07
8.78,2012-08-08
8.92,2012-08-09
8.97,2012-08-10
9.27,2012-08-13
9.30,2012-08-14
9.27,2012-08-15
9.23,2012-08-16
9.08,2012-08-17
9.01,2012-08-20
9.41,2012-08-21
9.83,2012-08-22
9.71,2012-08-23
9.42,2012-08-24
9.25,2012-08-27
9.09,2012-08-28
9.23,2012-08-29
9.30,2012-08-30
9.09,2012-08-31
9.20,2012-09-03
9.56,2012-09-04
9.70,2012-09-05
9.52,2012-09-06
10.05,2012-09-07
10.75,2012-09-10
10.75,2012-09-11
11.30,2012-09-12
10.80,2012-09-13
11.55,2012-09-14
11.30,2012-09-17
11.65,2012-09-18
11.40,2012-09-19
10.90,2012-09-20
11.45,2012-09-21
11.40,2012-09-24
11.35,2012-09-25
10.80,2012-09-26
11.10,2012-09-27
10.60,2012-09-28
10.40,2012-10-01
10.65,2012-10-02
10.60,2012-10-03
10.40,2012-10-04
10.70,2012-10-05
10.45,2012-10-08
10.20,2012-10-09
10.25,2012-10-11
10.35,2012-10-12
10.65,2012-10-15
11.35,2012-10-16
11.90,2012-10-17
11.70,2012-10-18
11.65,2012-10-19
11.65,2012-10-22
11.75,2012-10-23
11.55,2012-10-24
11.10,2012-10-25
10.35,2012-10-26
10.60,2012-10-29
11.20,2012-10-30
11.10,2012-10-31
11.75,2012-11-01
12.00,2012-11-02
11.80,2012-11-05
11.75,2012-11-06
11.85,2012-11-07
11.95,2012-11-08
11.90,2012-11-09
12.05,2012-11-12
11.50,2012-11-13
11.70,2012-11-14
11.50,2012-11-15
11.25,2012-11-16
11.35,2012-11-19
11.25,2012-11-20
11.00,2012-11-21
11.45,2012-11-22
11.85,2012-11-23
12.05,2012-11-26
11.85,2012-11-27
12.20,2012-11-28
11.95,2012-11-29
12.35,2012-11-30
13.00,2012-12-03
13.45,2012-12-04
13.10,2012-12-05
12.80,2012-12-06
13.30,2012-12-07
13.15,2012-12-10
12.80,2012-12-11
13.05,2012-12-12
13.95,2012-12-13
13.65,2012-12-14
13.95,2012-12-17
13.85,2012-12-18
14.05,2012-12-19
14.15,2012-12-20
13.30,2012-12-21
13.40,2012-12-22
12.50,2012-12-24
13.10,2012-12-25
12.90,2012-12-26
13.05,2012-12-27
13.00,2012-12-28
13.70,2013-01-02
13.75,2013-01-03
13.75,2013-01-04
13.05,2013-01-07
13.20,2013-01-08
12.90,2013-01-09
12.70,2013-01-10
12.45,2013-01-11
12.60,2013-01-14
12.20,2013-01-15
11.70,2013-01-16
11.65,2013-01-17
11.50,2013-01-18
11.70,2013-01-21
11.65,2013-01-22
11.80,2013-01-23
11.90,2013-01-24
12.00,2013-01-25
11.75,2013-01-28
12.20,2013-01-29
11.90,2013-01-30
12.05,2013-01-31
11.75,2013-02-01
11.55,2013-02-04
11.10,2013-02-05
11.30,2013-02-06
12.05,2013-02-18
12.85,2013-02-19
12.75,2013-02-20
12.80,2013-02-21
13.00,2013-02-22
13.05,2013-02-23
13.15,2013-02-25
12.90,2013-02-26
12.90,2013-02-27
13.05,2013-03-01
12.70,2013-03-04
13.35,2013-03-05
13.10,2013-03-06
13.15,2013-03-07
13.30,2013-03-08
13.95,2013-03-11
13.60,2013-03-12
13.30,2013-03-13
13.05,2013-03-14
12.70,2013-03-15
12.65,2013-03-18
12.75,2013-03-19
12.75,2013-03-20
12.65,2013-03-21
12.50,2013-03-22
13.15,2013-03-25
13.15,2013-03-26
13.40,2013-03-27
13.00,2013-03-28
13.20,2013-03-29
13.00,2013-04-01
13.10,2013-04-02
13.20,2013-04-03
12.85,2013-04-08
12.80,2013-04-09
13.05,2013-04-10
13.25,2013-04-11
13.15,2013-04-12
12.85,2013-04-15
12.90,2013-04-16
12.90,2013-04-17
13.15,2013-04-18
13.15,2013-04-19
12.95,2013-04-22
13.00,2013-04-23
13.45,2013-04-24
13.35,2013-04-25
13.20,2013-04-26
13.65,2013-04-29
13.55,2013-04-30
13.60,2013-05-02
13.65,2013-05-03
13.65,2013-05-06
13.45,2013-05-07
13.75,2013-05-08
13.45,2013-05-09
13.25,2013-05-10
13.35,2013-05-13
13.35,2013-05-14
13.65,2013-05-15
13.70,2013-05-16
13.50,2013-05-17
13.50,2013-05-20
13.70,2013-05-21
14.00,2013-05-22
13.60,2013-05-23
13.65,2013-05-24
13.90,2013-05-27
13.80,2013-05-28
14.00,2013-05-29
13.60,2013-05-30
13.80,2013-05-31
13.50,2013-06-03
13.20,2013-06-04
12.65,2013-06-05
12.80,2013-06-06
12.30,2013-06-07
12.65,2013-06-10
12.85,2013-06-11
12.40,2013-06-13
12.30,2013-06-14
12.15,2013-06-17
12.25,2013-06-18
12.15,2013-06-19
11.40,2013-06-20
10.90,2013-06-21
10.30,2013-06-24
10.10,2013-06-25
10.20,2013-06-26
10.70,2013-06-27
10.90,2013-06-28
11.15,2013-07-01
10.90,2013-07-02
10.45,2013-07-03
10.40,2013-07-04
10.65,2013-07-05
10.35,2013-07-08
10.50,2013-07-09
10.65,2013-07-10
10.85,2013-07-11
10.85,2013-07-12
11.00,2013-07-15
11.20,2013-07-16
10.90,2013-07-17
10.40,2013-07-18
10.45,2013-07-19
10.65,2013-07-22
10.80,2013-07-23
10.65,2013-07-24
10.65,2013-07-25
10.70,2013-07-26
10.70,2013-07-29
10.95,2013-07-30
10.60,2013-07-31
11.30,2013-08-01
11.00,2013-08-02
11.15,2013-08-05
10.90,2013-08-06
10.70,2013-08-07
10.70,2013-08-08
10.55,2013-08-09
10.70,2013-08-12
10.85,2013-08-13
10.85,2013-08-14
11.10,2013-08-15
11.35,2013-08-16
11.20,2013-08-19
11.20,2013-08-20
11.40,2013-08-22
11.65,2013-08-23
11.70,2013-08-26
11.50,2013-08-27
11.40,2013-08-28
11.40,2013-08-29
11.80,2013-08-30
11.85,2013-09-02
11.75,2013-09-03
11.55,2013-09-04
11.65,2013-09-05
11.40,2013-09-06
11.45,2013-09-09
11.30,2013-09-10
11.60,2013-09-11
11.35,2013-09-12
11.50,2013-09-13
11.40,2013-09-14
11.55,2013-09-16
11.40,2013-09-17
11.55,2013-09-18
11.35,2013-09-23
11.40,2013-09-24
11.35,2013-09-25
11.15,2013-09-26
11.20,2013-09-27
11.10,2013-09-30
11.10,2013-10-01
10.65,2013-10-02
10.80,2013-10-03
10.55,2013-10-04
10.30,2013-10-07
10.30,2013-10-08
10.15,2013-10-09
10.05,2013-10-11
9.60,2013-10-14
10.00,2013-10-15
9.89,2013-10-16
10.10,2013-10-17
10.25,2013-10-18
10.05,2013-10-21
9.99,2013-10-22
9.85,2013-10-23
9.87,2013-10-24
9.71,2013-10-25
9.79,2013-10-28
10.00,2013-10-29
9.90,2013-10-30
9.73,2013-10-31
9.60,2013-11-01
9.42,2013-11-04
9.56,2013-11-05
9.10,2013-11-06
9.20,2013-11-07
9.05,2013-11-08
8.75,2013-11-11
8.63,2013-11-12
8.66,2013-11-13
9.07,2013-11-14
8.85,2013-11-15
8.57,2013-11-18
8.44,2013-11-19
8.55,2013-11-20
8.56,2013-11-21
8.50,2013-11-22
8.73,2013-11-25
9.15,2013-11-26
9.05,2013-11-27
9.23,2013-11-28
9.23,2013-11-29
9.18,2013-12-02
9.21,2013-12-03
9.00,2013-12-04
9.03,2013-12-05
9.07,2013-12-06
9.13,2013-12-09
9.14,2013-12-10
9.01,2013-12-11
9.01,2013-12-12
9.12,2013-12-13
9.02,2013-12-16
8.96,2013-12-17
8.98,2013-12-18
8.96,2013-12-19
8.96,2013-12-20
9.12,2013-12-23
9.12,2013-12-24
9.29,2013-12-25
9.32,2013-12-26
9.32,2013-12-27
9.38,2013-12-30
9.52,2013-12-31
9.47,2014-01-02
9.56,2014-01-03
9.37,2014-01-06
9.44,2014-01-07
9.42,2014-01-08
9.55,2014-01-09
9.58,2014-01-10
9.55,2014-01-13
9.37,2014-01-14
9.37,2014-01-15
9.36,2014-01-16
9.37,2014-01-17
9.40,2014-01-20
9.26,2014-01-21
9.11,2014-01-22
9.16,2014-01-23
9.21,2014-01-24
9.01,2014-01-27
8.80,2014-02-05
8.80,2014-02-06
9.05,2014-02-07
9.01,2014-02-10
9.08,2014-02-11
9.23,2014-02-12
9.24,2014-02-13
9.28,2014-02-14
9.30,2014-02-17
9.25,2014-02-18
9.20,2014-02-19
9.23,2014-02-20
9.87,2014-02-21
10.25,2014-02-24
10.20,2014-02-25
10.25,2014-02-26
10.30,2014-02-27
10.15,2014-03-03
10.05,2014-03-04
10.10,2014-03-05
10.20,2014-03-06
10.15,2014-03-07
9.89,2014-03-10
9.93,2014-03-11
9.96,2014-03-12
9.96,2014-03-13
10.05,2014-03-14
10.65,2014-03-17
10.50,2014-03-18
10.45,2014-03-19
10.15,2014-03-20
10.20,2014-03-21
10.35,2014-03-24
10.45,2014-03-25
10.75,2014-03-26
10.55,2014-03-27
10.60,2014-03-28
10.75,2014-03-31
11.00,2014-04-01
11.20,2014-04-02
11.80,2014-04-03
11.85,2014-04-07
11.60,2014-04-08
12.00,2014-04-09
11.95,2014-04-10
11.90,2014-04-11
11.70,2014-04-14
11.20,2014-04-15
11.70,2014-04-16
11.55,2014-04-17
11.65,2014-04-18
11.75,2014-04-21
12.15,2014-04-22
11.90,2014-04-23
12.00,2014-04-24
11.50,2014-04-25
11.70,2014-04-28
11.70,2014-04-29
11.40,2014-04-30
11.70,2014-05-02
11.70,2014-05-05
11.60,2014-05-06
11.70,2014-05-07
11.55,2014-05-08
11.30,2014-05-09
10.90,2014-05-12
11.10,2014-05-13
11.30,2014-05-14
11.20,2014-05-15
11.10,2014-05-16
11.20,2014-05-19
11.25,2014-05-20
11.20,2014-05-21
11.35,2014-05-22
11.55,2014-05-23
11.40,2014-05-26
11.40,2014-05-27
11.50,2014-05-28
11.50,2014-05-29
11.45,2014-05-30
11.60,2014-06-03
11.95,2014-06-04
11.75,2014-06-05
12.00,2014-06-06
12.00,2014-06-09
11.90,2014-06-10
12.15,2014-06-11
12.05,2014-06-12
11.95,2014-06-13
11.80,2014-06-16
11.60,2014-06-17
11.60,2014-06-18
11.65,2014-06-19
11.60,2014-06-20
11.50,2014-06-23
11.60,2014-06-24
11.60,2014-06-25
12.30,2014-06-26
12.00,2014-06-27
12.65,2014-06-30
12.60,2014-07-01
12.80,2014-07-02
13.35,2014-07-03
13.20,2014-07-04
13.30,2014-07-07
13.25,2014-07-08
12.90,2014-07-09
13.20,2014-07-10
12.95,2014-07-11
13.80,2014-07-14
13.80,2014-07-15
13.75,2014-07-16
13.75,2014-07-17
13.90,2014-07-18
13.60,2014-07-21
13.45,2014-07-22
13.90,2014-07-24
13.90,2014-07-25
13.90,2014-07-28
13.30,2014-07-29
13.80,2014-07-30
13.65,2014-07-31
13.80,2014-08-01
13.75,2014-08-04
13.50,2014-08-05
13.00,2014-08-06
13.25,2014-08-07
13.40,2014-08-08
13.90,2014-08-11
13.70,2014-08-12
13.90,2014-08-13
13.90,2014-08-14
14.00,2014-08-15
13.90,2014-08-18
13.95,2014-08-19
13.95,2014-08-20
13.65,2014-08-21
13.70,2014-08-22
13.70,2014-08-25
13.75,2014-08-26
14.65,2014-08-27
14.90,2014-08-28
14.85,2014-08-29
14.85,2014-09-01
14.30,2014-09-02
14.45,2014-09-03
14.40,2014-09-04
14.50,2014-09-05
14.70,2014-09-09
14.55,2014-09-10
14.80,2014-09-11
14.50,2014-09-12
14.25,2014-09-15
13.55,2014-09-16
13.80,2014-09-17
13.75,2014-09-18
13.65,2014-09-19
13.30,2014-09-22
13.25,2014-09-23
13.55,2014-09-24
13.20,2014-09-25
13.15,2014-09-26
13.15,2014-09-29
12.85,2014-09-30
12.95,2014-10-01
12.70,2014-10-02
12.95,2014-10-03
12.95,2014-10-06
12.80,2014-10-07
12.75,2014-10-08
12.80,2014-10-09
12.05,2014-10-13
12.20,2014-10-14
12.05,2014-10-15
11.80,2014-10-16
11.60,2014-10-17
11.65,2014-10-20
11.95,2014-10-21
12.75,2014-10-22
13.00,2014-10-23
12.65,2014-10-24
12.90,2014-10-27
13.20,2014-10-28
13.70,2014-10-29
13.95,2014-10-30
14.40,2014-10-31
14.35,2014-11-03
14.80,2014-11-04
14.65,2014-11-05
14.25,2014-11-06
14.90,2014-11-07
14.65,2014-11-10
14.00,2014-11-11
14.25,2014-11-12
14.05,2014-11-13
14.25,2014-11-14
14.00,2014-11-17
13.80,2014-11-18
14.30,2014-11-19
14.65,2014-11-20
14.60,2014-11-21
14.50,2014-11-24
14.60,2014-11-25
14.35,2014-11-26
14.60,2014-11-27
14.60,2014-11-28
14.70,2014-12-01
14.30,2014-12-02
15.20,2014-12-03
15.25,2014-12-04
15.15,2014-12-05
14.75,2014-12-08
14.75,2014-12-09
14.10,2014-12-10
14.35,2014-12-11
14.45,2014-12-12
14.20,2014-12-15
14.40,2014-12-16
14.50,2014-12-17
14.45,2014-12-18
14.30,2014-12-19
15.10,2014-12-22
15.15,2014-12-23
16.20,2014-12-24
16.20,2014-12-25
16.55,2014-12-26
16.25,2014-12-27
16.50,2014-12-29
16.30,2014-12-30
16.20,2014-12-31
17.30,2015-01-05
17.20,2015-01-06
17.70,2015-01-07
18.90,2015-01-08
18.50,2015-01-09
18.35,2015-01-12
18.25,2015-01-13
18.30,2015-01-14
18.15,2015-01-15
17.80,2015-01-16
18.50,2015-01-19
18.60,2015-01-20
17.30,2015-01-21
17.50,2015-01-22
17.45,2015-01-23
18.00,2015-01-26
17.85,2015-01-27
18.20,2015-01-28
18.45,2015-01-29
17.30,2015-01-30
16.65,2015-02-02
17.20,2015-02-03
16.90,2015-02-04
17.00,2015-02-05
17.20,2015-02-06
17.25,2015-02-09
16.80,2015-02-10
16.95,2015-02-11
17.05,2015-02-12
17.40,2015-02-13
16.60,2015-02-24
16.60,2015-02-25
16.55,2015-02-26
15.45,2015-03-02
15.65,2015-03-03
15.70,2015-03-04
15.45,2015-03-05
15.45,2015-03-06
15.10,2015-03-09
15.05,2015-03-10
15.15,2015-03-11
16.00,2015-03-12
15.80,2015-03-13
16.15,2015-03-16
16.10,2015-03-17
16.20,2015-03-18
16.35,2015-03-19
15.80,2015-03-20
16.20,2015-03-23
16.15,2015-03-24
15.85,2015-03-25
15.70,2015-03-26
15.50,2015-03-27
15.35,2015-03-30
15.75,2015-03-31
15.75,2015-04-01
15.80,2015-04-02
15.20,2015-04-07
15.10,2015-04-08
15.10,2015-04-09
14.90,2015-04-10
15.35,2015-04-13
15.25,2015-04-14
15.10,2015-04-15
15.15,2015-04-16
15.35,2015-04-17
15.60,2015-04-20
15.55,2015-04-21
15.15,2015-04-22
15.30,2015-04-23
15.95,2015-04-24
15.95,2015-04-27
16.00,2015-04-28
15.40,2015-04-29
15.45,2015-04-30
15.45,2015-05-04
15.45,2015-05-05
15.25,2015-05-06
15.45,2015-05-07
15.20,2015-05-08
15.30,2015-05-11
15.15,2015-05-12
15.45,2015-05-13
15.20,2015-05-14
15.30,2015-05-15
15.35,2015-05-18
16.15,2015-05-19
16.10,2015-05-20
16.20,2015-05-21
16.60,2015-05-22
16.70,2015-05-25
16.70,2015-05-26
17.10,2015-05-27
16.95,2015-05-28
16.85,2015-05-29
16.15,2015-06-01
16.30,2015-06-02
16.25,2015-06-03
15.80,2015-06-04
15.60,2015-06-05
15.60,2015-06-08
14.50,2015-06-09
15.00,2015-06-10
14.75,2015-06-11
14.55,2015-06-12
14.40,2015-06-15
14.50,2015-06-16
14.65,2015-06-17
14.50,2015-06-18
14.80,2015-06-22
14.50,2015-06-23
14.00,2015-06-24
14.10,2015-06-25
14.05,2015-06-26
13.25,2015-06-29
13.65,2015-06-30
13.85,2015-07-01
14.00,2015-07-02
13.75,2015-07-03
13.05,2015-07-06
12.75,2015-07-07
12.70,2015-07-08
12.85,2015-07-09
12.75,2015-07-13
12.75,2015-07-14
12.75,2015-07-15
12.45,2015-07-16
12.05,2015-07-17
11.45,2015-07-20
11.60,2015-07-21
11.30,2015-07-22
11.10,2015-07-23
11.50,2015-07-24
10.95,2015-07-27
11.45,2015-07-28
10.65,2015-07-29
10.50,2015-07-30
10.10,2015-07-31
10.25,2015-08-03
10.40,2015-08-04
10.20,2015-08-05
9.71,2015-08-06
9.72,2015-08-07
9.73,2015-08-10
9.69,2015-08-11
9.75,2015-08-12
10.10,2015-08-13
9.79,2015-08-14
9.79,2015-08-17
9.75,2015-08-18
9.25,2015-08-19
9.32,2015-08-20
8.95,2015-08-21
8.60,2015-08-24
9.34,2015-08-25
9.24,2015-08-26
9.48,2015-08-27
9.92,2015-08-28
10.50,2015-08-31
10.05,2015-09-01
10.00,2015-09-02
10.30,2015-09-03
10.20,2015-09-04
10.15,2015-09-07
10.25,2015-09-08
10.80,2015-09-09
10.75,2015-09-10
10.85,2015-09-11
10.85,2015-09-14
10.80,2015-09-15
10.95,2015-09-16
11.10,2015-09-17
11.00,2015-09-18
10.35,2015-09-21
10.30,2015-09-22
9.90,2015-09-23
9.72,2015-09-24
9.89,2015-09-25
9.71,2015-09-30
9.86,2015-10-01
9.98,2015-10-02
9.96,2015-10-05
9.85,2015-10-06
9.99,2015-10-07
9.95,2015-10-08
10.2,2015-10-12
10.3,2015-10-13
10.35,2015-10-14
10.45,2015-10-15
10.35,2015-10-16
10.35,2015-10-19
10.2,2015-10-20
9.8,2015-10-21
9.8,2015-10-22
9.78,2015-10-23
9.83,2015-10-26
9.94,2015-10-27
9.86,2015-10-28
9.77,2015-10-29
9.57,2015-10-30
9.73,2015-11-02
9.84,2015-11-03
9.95,2015-11-04
10.15,2015-11-05
9.76,2015-11-06
9.58,2015-11-09
9.42,2015-11-10
9.23,2015-11-11
9.23,2015-11-12
9,2015-11-13
8.89,2015-11-16
9,2015-11-17
8.97,2015-11-18
9.11,2015-11-19
9.06,2015-11-20
9.15,2015-11-23
8.91,2015-11-24
8.75,2015-11-25
8.96,2015-11-26
8.88,2015-11-27
8.74,2015-11-30
8.91,2015-12-01
8.83,2015-12-02
8.73,2015-12-03
8.75,2015-12-04
8.89,2015-12-07
8.73,2015-12-08
8.59,2015-12-09
8.49,2015-12-10
8.33,2015-12-11
8.11,2015-12-14
8.68,2015-12-15
8.8,2015-12-16
8.77,2015-12-17
8.67,2015-12-18
9.53,2015-12-21
9.55,2015-12-22
9.9,2015-12-23
9.95,2015-12-24
9.98,2015-12-25
9.79,2015-12-28
9.85,2015-12-29
9.7,2015-12-30
9.73,2015-12-31
9.46,2016-01-04
9.2,2016-01-05
9.09,2016-01-06
9.08,2016-01-07
9.12,2016-01-08
9.02,2016-01-11
9.53,2016-01-12
9.6,2016-01-13
9.43,2016-01-14
9.06,2016-01-15
9.09,2016-01-18
9.05,2016-01-19
8.75,2016-01-20
8.81,2016-01-21
8.88,2016-01-22
8.87,2016-01-25
8.82,2016-01-26
8.73,2016-01-27
8.76,2016-01-28
8.58,2016-01-29
8.77,2016-01-30
8.85,2016-02-01
8.61,2016-02-02
8.4,2016-02-03
8.26,2016-02-15
8.62,2016-02-16
8.48,2016-02-17
8.65,2016-02-18
8.49,2016-02-19
8.4,2016-02-22
8.57,2016-02-23
8.96,2016-02-24
9.1,2016-02-25
9.01,2016-02-26
9.04,2016-03-01
9.18,2016-03-02
9.19,2016-03-03
9.08,2016-03-04
8.95,2016-03-07
9.3,2016-03-08
9.3,2016-03-09
9.7,2016-03-10
9.7,2016-03-11
9.83,2016-03-14
9.78,2016-03-15
10.05,2016-03-16
9.86,2016-03-17
9.93,2016-03-18
9.95,2016-03-21
9.75,2016-03-22
9.72,2016-03-23
9.54,2016-03-24
9.55,2016-03-25
9.73,2016-03-28
9.6,2016-03-29
9.75,2016-03-30
9.67,2016-03-31
9.51,2016-04-01
9.2,2016-04-06
9.01,2016-04-07
9.71,2016-04-08
9.85,2016-04-11
9.69,2016-04-12
9.86,2016-04-13
9.88,2016-04-14
9.9,2016-04-15
9.98,2016-04-18
9.82,2016-04-19
9.81,2016-04-20
9.89,2016-04-21
9.9,2016-04-22
9.74,2016-04-25
9.52,2016-04-26
9.57,2016-04-27
9.54,2016-04-28
9.4,2016-04-29
9.02,2016-05-03
8.72,2016-05-04
8.67,2016-05-05
8.63,2016-05-06
8.81,2016-05-09
8.72,2016-05-10
8.58,2016-05-11
8.75,2016-05-12
8.58,2016-05-13
8.58,2016-05-16
8.55,2016-05-17
8.45,2016-05-18
8.41,2016-05-19
8.55,2016-05-20
9.07,2016-05-23
8.89,2016-05-24
8.96,2016-05-25
8.97,2016-05-26
9.02,2016-05-27
8.92,2016-05-30
9.06,2016-05-31
9.32,2016-06-01
9.2,2016-06-02
9.15,2016-06-03
9.19,2016-06-04
9.29,2016-06-06
9.34,2016-06-07
9.31,2016-06-08
9.05,2016-06-13
9.25,2016-06-14
9.27,2016-06-15
9.13,2016-06-16
9.19,2016-06-17
9.4,2016-06-20
9.32,2016-06-21
9.43,2016-06-22
9.42,2016-06-23
9.35,2016-06-24
9.54,2016-06-27
9.7,2016-06-28
10.25,2016-06-29
10.95,2016-06-30
11,2016-07-01
11.2,2016-07-04
11.25,2016-07-05
11,2016-07-06
10.9,2016-07-07
11.1,2016-07-11
10.9,2016-07-12
11.3,2016-07-13
11.15,2016-07-14
11.25,2016-07-15
11.75,2016-07-18
12.25,2016-07-19
12.25,2016-07-20
12.75,2016-07-21
12.6,2016-07-22
12.3,2016-07-25
12.45,2016-07-26
12.65,2016-07-27
12.9,2016-07-28
12.95,2016-07-29
12.9,2016-08-01
13.05,2016-08-02
13.05,2016-08-03
13,2016-08-04
13.35,2016-08-05
13.6,2016-08-08
13.35,2016-08-09
13,2016-08-10
12.7,2016-08-11
12.7,2016-08-12
12.15,2016-08-15
12.45,2016-08-16
12.25,2016-08-18
12.7,2016-08-19
12.7,2016-08-22
12.6,2016-08-23
12.4,2016-08-24
12.95,2016-08-25
12.85,2016-08-26
12.55,2016-08-29
12.85,2016-08-30
12.5,2016-08-31
12.1,2016-09-01
11.75,2016-09-02
12.2,2016-09-05
12.25,2016-09-06
12.1,2016-09-07
12,2016-09-08
11.75,2016-09-09
11.3,2016-09-10
11.25,2016-09-12
11.4,2016-09-13
11.15,2016-09-14
11.35,2016-09-19
11.65,2016-09-20
11.9,2016-09-21
11.65,2016-09-22
11.85,2016-09-23
11.6,2016-09-26
11.55,2016-09-29
11.5,2016-09-30
12.15,2016-10-03
12.15,2016-10-04
12.25,2016-10-05
12.3,2016-10-06
12,2016-10-07
11.65,2016-10-11
11.7,2016-10-12
11.8,2016-10-13
11.6,2016-10-14
11.6,2016-10-17
11.75,2016-10-18
11.95,2016-10-19
12,2016-10-20
12.45,2016-10-21
12.8,2016-10-24
13,2016-10-25
13.1,2016-10-26
12.85,2016-10-27
12.35,2016-10-28
12,2016-10-31
12.25,2016-11-01
12.1,2016-11-02
11.95,2016-11-03
12,2016-11-04
12,2016-11-07
12.25,2016-11-08
11.5,2016-11-09
11.8,2016-11-10
11.45,2016-11-11
11.35,2016-11-14
11.4,2016-11-15
11.4,2016-11-16
11.65,2016-11-17
11.65,2016-11-18
11.75,2016-11-21
11.75,2016-11-22
11.65,2016-11-23
11.55,2016-11-24
11.65,2016-11-25
11.5,2016-11-28
11.55,2016-11-29
11.45,2016-11-30
11.45,2016-12-01
11.35,2016-12-02
11.55,2016-12-05
11.5,2016-12-06
11.8,2016-12-07
12,2016-12-08
11.9,2016-12-09
11.75,2016-12-12
11.75,2016-12-13
11.7,2016-12-14
11.9,2016-12-15
11.9,2016-12-16
11.75,2016-12-19
11.85,2016-12-20
12.1,2016-12-21
12.05,2016-12-22
12,2016-12-23
11.9,2016-12-26
11.85,2016-12-27
11.9,2016-12-28
11.75,2016-12-29
11.8,2016-12-30
12,2017-01-03
11.95,2017-01-04
12.25,2017-01-05
12.55,2017-01-06
12.85,2017-01-09
12.8,2017-01-10
12.8,2017-01-11
12.9,2017-01-12
13.05,2017-01-13
12.85,2017-01-16
12.85,2017-01-17
12.95,2017-01-18
12.85,2017-01-19
12.8,2017-01-20
12.85,2017-01-23
12.9,2017-01-24
13.4,2017-02-02
13.15,2017-02-03
13.2,2017-02-06
12.9,2017-02-07
12.4,2017-02-08
12.6,2017-02-09
12.35,2017-02-10
11.9,2017-02-13
11.8,2017-02-14
12,2017-02-15
11.85,2017-02-16
11.95,2017-02-17
11.9,2017-02-18
11.75,2017-02-20
11.85,2017-02-21
12.2,2017-02-22
12.2,2017-02-23
12.2,2017-02-24
11.9,2017-03-01
11.95,2017-03-02
11.9,2017-03-03
12.05,2017-03-06
12.05,2017-03-07
12.2,2017-03-08
12.1,2017-03-09
11.9,2017-03-10
11.85,2017-03-13
11.95,2017-03-14
11.95,2017-03-15
12.1,2017-03-16
12.1,2017-03-17
12.05,2017-03-20
11.95,2017-03-21
11.9,2017-03-22
12,2017-03-23
11.9,2017-03-24
11.95,2017-03-27
11.8,2017-03-28
12.05,2017-03-29
11.9,2017-03-30
11.85,2017-03-31
11.85,2017-04-05
12.05,2017-04-06
12.15,2017-04-07
12.5,2017-04-10
12.35,2017-04-11
12.8,2017-04-12
12.85,2017-04-13
12.85,2017-04-14
13.1,2017-04-17
13,2017-04-18
12.5,2017-04-19
12.4,2017-04-20
12.45,2017-04-21
12.25,2017-04-24
12.7,2017-04-25
12.7,2017-04-26
12.6,2017-04-27
12.6,2017-04-28
12.7,2017-05-02
12.55,2017-05-03
12.6,2017-05-04
12.4,2017-05-05
12.15,2017-05-08
11.6,2017-05-09
11.75,2017-05-10
11.45,2017-05-11
11.5,2017-05-12
11.6,2017-05-15
11.75,2017-05-16
11.75,2017-05-17
11.6,2017-05-18
11.9,2017-05-19
11.75,2017-05-22
11.90,2017-05-23
11.90,2017-05-24
11.90,2017-05-25
11.75,2017-05-26
11.75,2017-05-31
11.80,2017-06-01
11.85,2017-06-02
11.85,2017-06-03
12.00,2017-06-05
12.25,2017-06-06
12.55,2017-06-07
12.40,2017-06-08
12.15,2017-06-09
12.20,2017-06-12
12.15,2017-06-13
12.05,2017-06-14
12.35,2017-06-15
12.55,2017-06-16
12.45,2017-06-19
12.50,2017-06-20
12.75,2017-06-21
12.70,2017-06-22
12.85,2017-06-23
13.15,2017-06-26
13.40,2017-06-27
13.95,2017-06-28
13.75,2017-06-29
13.90,2017-06-30
13.55,2017-07-03
13.15,2017-07-04
13.25,2017-07-05
13.15,2017-07-06
12.80,2017-07-07
12.75,2017-07-10
13.05,2017-07-11
12.90,2017-07-12
12.55,2017-07-13
12.50,2017-07-14
12.35,2017-07-17
12.65,2017-07-18
12.55,2017-07-19
12.20,2017-07-20
12.20,2017-07-21
12.15,2017-07-24
12.25,2017-07-25
12.10,2017-07-26
12.25,2017-07-27
12.10,2017-07-28
12.20,2017-07-31
12.25,2017-08-01
12.10,2017-08-02
12.10,2017-08-03
12.20,2017-08-04
12.05,2017-08-07
12.00,2017-08-08
11.80,2017-08-09
11.70,2017-08-10
12.00,2017-08-11
11.80,2017-08-14
11.90,2017-08-15
11.70,2017-08-16
11.95,2017-08-17
11.80,2017-08-18
12.00,2017-08-21
12.30,2017-08-22
12.10,2017-08-23
12.10,2017-08-24
12.15,2017-08-25
12.35,2017-08-28
12.25,2017-08-29
12.35,2017-08-30
12.40,2017-08-31
12.40,2017-09-01
12.25,2017-09-04
12.55,2017-09-05
12.25,2017-09-06
12.20,2017-09-07
12.35,2017-09-08
12.30,2017-09-11
12.30,2017-09-12
12.40,2017-09-13
12.40,2017-09-14
12.45,2017-09-15
13.05,2017-09-18
12.60,2017-09-19
12.70,2017-09-20
12.65,2017-09-21
12.45,2017-09-22
12.30,2017-09-25
12.15,2017-09-26
12.20,2017-09-27
12.05,2017-09-28
12.15,2017-09-29
12.15,2017-09-30
12.15,2017-10-02
12.15,2017-10-03
12.35,2017-10-05
12.35,2017-10-06
12.20,2017-10-11
12.10,2017-10-12
12.20,2017-10-13
12.30,2017-10-16
12.25,2017-10-17
12.25,2017-10-18
12.55,2017-10-19
12.60,2017-10-20
12.35,2017-10-23
12.25,2017-10-24
12.45,2017-10-25
12.55,2017-10-26
12.35,2017-10-27
12.35,2017-10-30
12.35,2017-10-31
12.45,2017-11-01
12.35,2017-11-02
12.50,2017-11-03
12.55,2017-11-06
12.50,2017-11-07
12.40,2017-11-08
12.40,2017-11-09
12.30,2017-11-10
12.20,2017-11-13
12.25,2017-11-14
12.25,2017-11-15
12.40,2017-11-16
12.45,2017-11-17
12.65,2017-11-20
12.70,2017-11-21
12.90,2017-11-22
12.95,2017-11-23
13.30,2017-11-24
13.05,2017-11-27
13.15,2017-11-28
13.05,2017-11-29
12.75,2017-11-30
12.55,2017-12-01
12.55,2017-12-04
12.60,2017-12-05
12.60,2017-12-06
12.40,2017-12-07
12.50,2017-12-08
12.70,2017-12-11
12.55,2017-12-12
12.60,2017-12-13
12.60,2017-12-14
12.60,2017-12-15
12.50,2017-12-18
12.35,2017-12-19
12.35,2017-12-20
12.30,2017-12-21
12.45,2017-12-22
12.45,2017-12-25
12.35,2017-12-26
12.35,2017-12-27
12.50,2017-12-28
12.40,2017-12-29
12.35,2018-01-02
12.45,2018-01-03
12.50,2018-01-04
12.50,2018-01-05
12.60,2018-01-08
12.35,2018-01-09
12.40,2018-01-10
12.40,2018-01-11
12.60,2018-01-12
12.75,2018-01-15
13.05,2018-01-16
13.15,2018-01-17
13.05,2018-01-18
13.20,2018-01-19
13.55,2018-01-22
13.20,2018-01-23
13.80,2018-01-24
14.05,2018-01-25
14.30,2018-01-26
14.25,2018-01-29
13.80,2018-01-30
13.90,2018-01-31
13.50,2018-02-01
13.50,2018-02-02
13.35,2018-02-05
12.80,2018-02-06
13.30,2018-02-07
13.80,2018-02-08
13.35,2018-02-09
13.10,2018-02-12
13.40,2018-02-21
13.30,2018-02-22
13.30,2018-02-23
13.25,2018-02-26
13.10,2018-02-27
13.20,2018-03-01
13.00,2018-03-02
13.00,2018-03-05
12.95,2018-03-07
13.65,2018-03-08
13.50,2018-03-09
13.45,2018-03-12
13.55,2018-03-13
13.50,2018-03-14
13.55,2018-03-15
13.65,2018-03-16
13.85,2018-03-19
14.00,2018-03-20
13.85,2018-03-21
13.70,2018-03-22
13.55,2018-03-23
13.65,2018-03-26
13.65,2018-03-27
13.55,2018-03-28
13.50,2018-03-29
13.65,2018-03-30
13.60,2018-03-31
13.75,2018-04-02
13.65,2018-04-03
13.35,2018-04-09
13.30,2018-04-10
13.30,2018-04-11
13.45,2018-04-12
13.35,2018-04-13
13.10,2018-04-16
12.60,2018-04-17
12.75,2018-04-18
12.65,2018-04-20
12.40,2018-04-23
12.10,2018-04-24
12.15,2018-04-25
12.00,2018-04-26
12.55,2018-04-27
12.40,2018-04-30
12.35,2018-05-02
12.35,2018-05-03
12.40,2018-05-04
12.30,2018-05-07
12.80,2018-05-08
12.60,2018-05-09
12.60,2018-05-10
12.65,2018-05-11
12.80,2018-05-15
12.85,2018-05-16
12.85,2018-05-17
12.75,2018-05-21
12.80,2018-05-22
12.80,2018-05-23
12.75,2018-05-24
12.70,2018-05-25
12.75,2018-05-28
12.85,2018-05-29
12.80,2018-05-30
13.15,2018-05-31
13.25,2018-06-01
13.35,2018-06-04
13.25,2018-06-06
13.35,2018-06-07
13.30,2018-06-08
13.30,2018-06-11
13.35,2018-06-12
13.30,2018-06-14
13.50,2018-06-15
13.15,2018-06-19
13.50,2018-06-20
13.25,2018-06-21
12.95,2018-06-22
12.85,2018-06-25
12.70,2018-06-26
12.75,2018-06-27
12.60,2018-06-28
12.90,2018-06-29
12.90,2018-07-02
12.80,2018-07-03
12.80,2018-07-04
12.80,2018-07-05
13.00,2018-07-06
13.50,2018-07-09
13.40,2018-07-10
13.40,2018-07-11
12.00,2018-07-12
12.05,2018-07-13
12.00,2018-07-16
12.00,2018-07-17
12.20,2018-07-18
12.40,2018-07-19
12.45,2018-07-20
12.40,2018-07-23
12.30,2018-07-24
12.45,2018-07-25
12.35,2018-07-26
12.70,2018-07-27
13.00,2018-07-30
13.20,2018-07-31
13.25,2018-08-01
13.15,2018-08-02
13.20,2018-08-03
13.35,2018-08-06
13.35,2018-08-07
13.35,2018-08-08
13.25,2018-08-09
12.90,2018-08-10
13.00,2018-08-14
12.80,2018-08-15
13.10,2018-08-17
13.15,2018-08-20
13.00,2018-08-22
13.10,2018-08-23
12.90,2018-08-24
13.00,2018-08-27
13.00,2018-08-28
13.10,2018-08-29
13.20,2018-08-30
13.30,2018-08-31
13.10,2018-09-03
13.20,2018-09-04
13.10,2018-09-05
13.05,2018-09-06
12.90,2018-09-07
12.60,2018-09-10
12.75,2018-09-11
12.90,2018-09-12
12.90,2018-09-13
13.10,2018-09-14
12.95,2018-09-17
12.80,2018-09-18
12.90,2018-09-19
12.75,2018-09-20
12.85,2018-09-21
12.75,2018-09-25
12.80,2018-09-26
13.00,2018-09-27
12.90,2018-09-28
12.80,2018-10-01
12.75,2018-10-02
12.80,2018-10-03
12.55,2018-10-04
12.40,2018-10-05
12.40,2018-10-08
12.50,2018-10-09
11.30,2018-10-11
11.85,2018-10-12
12.30,2016-08-17
13.05,2018-03-06
12.85,2018-04-19
12.70,2018-05-14
12.75,2018-05-18
13.10,2018-06-05
13.30,2018-06-13
12.80,2018-08-13
12.80,2018-08-16
13.05,2018-08-21
11.70,2018-10-15
11.55,2018-10-16
11.70,2018-10-17
11.50,2018-10-18
11.50,2018-10-19
11.65,2018-10-22
11.35,2018-10-23
11.75,2018-10-24
11.30,2018-10-25
11.50,2018-10-26
11.90,2018-10-29
11.75,2018-10-30
12.20,2018-10-31
11.75,2018-11-01
11.70,2018-11-02
11.65,2018-11-05
11.90,2018-11-06
12.05,2018-11-07
12.20,2018-11-08
12.20,2018-11-09
12.35,2018-11-12
12.40,2018-11-13
12.55,2018-11-14
12.60,2018-11-15
12.75,2018-11-16
12.75,2018-11-19
12.40,2018-11-20
12.55,2018-11-21
12.40,2018-11-22
12.50,2018-11-23
12.60,2018-11-26
12.70,2018-11-27
12.80,2018-11-28
12.70,2018-11-29
12.55,2018-11-30
12.70,2018-12-03
12.75,2018-12-04
12.55,2018-12-05
12.50,2018-12-06
12.55,2018-12-07
12.35,2018-12-10
12.35,2018-12-11
12.40,2018-12-12
12.45,2018-12-13
12.40,2018-12-14
12.30,2018-12-17
12.45,2018-12-19
12.35,2018-12-20
12.20,2018-12-21
12.45,2018-12-22
12.20,2018-12-24
12.00,2018-12-25
12.00,2018-12-26
12.20,2018-12-27
12.30,2018-12-28
11.95,2019-01-02
11.90,2019-01-03
11.90,2019-01-04
12.10,2019-01-07
12.15,2019-01-08
12.45,2019-01-09
12.45,2019-01-10
12.45,2019-01-11
12.45,2019-01-14
12.55,2019-01-15
12.45,2019-01-18
12.45,2019-01-21
12.30,2019-01-22
12.40,2019-01-23
12.45,2019-01-24
12.65,2019-01-25
12.60,2019-01-28
12.75,2019-01-29
11.90,2019-01-30
11.25,2019-02-11
10.95,2019-02-12
10.95,2019-02-13
11.05,2019-02-14
10.90,2019-02-15
11.00,2019-02-18
11.00,2019-02-19
11.10,2019-02-20
10.95,2019-02-21
11.05,2019-02-22
11.05,2019-02-25
11.10,2019-02-26
11.35,2019-02-27
11.40,2019-03-04
11.40,2019-03-05
11.70,2019-03-06
11.60,2019-03-07
11.55,2019-03-08
11.50,2019-03-11
11.65,2019-03-12
11.60,2019-03-13
11.40,2019-03-14
11.45,2019-03-15
11.55,2019-03-18
11.40,2019-03-19
11.45,2019-03-20
11.40,2019-03-21
11.60,2019-03-22
11.50,2019-03-25
11.55,2019-03-26
11.40,2019-03-27
11.20,2019-03-28
11.35,2019-03-29
11.30,2019-04-01
11.25,2019-04-02
11.30,2019-04-03
11.50,2019-04-08
11.55,2019-04-09
11.40,2019-04-10
11.45,2019-04-11
11.40,2019-04-12
11.40,2019-04-15
11.30,2019-04-16
11.40,2019-04-17
11.30,2019-04-18
11.20,2019-04-22
11.25,2019-04-23
11.10,2019-04-24
11.10,2019-04-25
10.85,2019-04-26
10.85,2019-04-29
11.05,2019-04-30
10.85,2019-05-02
10.90,2019-05-03
10.70,2019-05-06
10.75,2019-05-07
10.55,2019-05-08
10.35,2019-05-09
10.10,2019-05-10
10.15,2019-05-13
10.05,2019-05-14
10.10,2019-05-15
9.86,2019-05-16
9.61,2019-05-17
9.55,2019-05-20
9.27,2019-05-21
9.37,2019-05-22
9.19,2019-05-23
9.16,2019-05-24
9.21,2019-05-27
9.03,2019-05-28
8.91,2019-05-29
9.02,2019-05-30
9.30,2019-05-31
9.25,2019-06-03
9.16,2019-06-04
9.25,2019-06-05
9.06,2019-06-06
9.11,2019-06-10
9.31,2019-06-11
9.20,2019-06-12
9.16,2019-06-13
9.19,2019-06-14
9.30,2019-07-10
8.93,2019-07-12
7.45,2019-08-12
9.21,2019-07-09
9.08,2019-06-25
9.01,2019-07-19
8.96,2019-07-22
7.91,2019-08-05
8.93,2019-07-15
9.34,2019-07-02
9.22,2019-06-21
8.53,2019-07-29
7.66,2019-08-08
8.10,2019-08-01
7.11,2019-08-14
9.25,2019-07-17
9.37,2019-07-01
8.14,2019-08-02
8.40,2019-07-30
9.11,2019-06-17
8.59,2019-07-26
9.20,2019-06-20
9.31,2019-07-03
8.93,2019-07-23
8.27,2019-07-31
9.32,2019-07-08
9.03,2019-07-11
9.05,2019-06-18
8.81,2019-07-25
9.08,2019-06-26
9.44,2019-06-27
9.35,2019-07-04
9.47,2019-07-05
7.77,2019-08-06
7.52,2019-08-07
9.15,2019-06-24
9.09,2019-07-18
9.19,2019-06-19
7.27,2019-08-13
8.90,2019-07-24
8.92,2019-07-16
9.30,2019-06-28
7.03,2019-08-15
7.42,2019-08-16
7.80,2019-08-19
7.71,2019-08-20
7.87,2019-08-21
7.64,2019-08-22
7.76,2019-08-23
7.65,2019-08-26
7.45,2019-08-27
7.52,2019-08-28
7.83,2019-08-29
8.18,2019-08-30
8.12,2019-09-02
7.94,2019-09-03
8.04,2019-09-04
8.04,2019-09-05
8.16,2019-09-06
8.10,2019-09-09
8.21,2019-09-10
8.61,2019-09-11
8.55,2019-09-12
8.48,2019-09-16
8.26,2019-09-17
8.30,2019-09-18
8.11,2019-09-19
8.39,2019-09-20
8.35,2019-09-23
8.30,2019-09-24
8.15,2019-09-25
8.00,2019-09-26
7.86,2019-09-27
7.97,2019-10-01
7.75,2019-10-02
7.90,2019-10-03
8.03,2019-10-04
8.01,2019-10-07
8.02,2019-10-08
7.89,2019-10-09
8.19,2019-10-14
8.20,2019-10-15
8.25,2019-10-16
8.30,2019-10-17
8.36,2019-10-18
8.31,2019-10-21
8.03,2019-10-23
8.22,2019-10-22
8.19,2019-10-24
8.25,2019-10-25
8.20,2019-10-28
8.10,2019-10-29
8.10,2019-10-30
7.80,2019-10-31
7.72,2019-11-01
7.92,2019-11-04
8.04,2019-11-05
8.22,2019-11-06
8.20,2019-11-07
8.04,2019-11-08
7.85,2019-11-11
7.81,2019-11-12
7.76,2019-11-13
7.71,2019-11-14
7.87,2019-11-15
7.92,2019-11-18
7.95,2019-11-19
8.02,2019-11-20
7.94,2019-11-21
8.02,2019-11-22
8.13,2019-11-25
8.00,2019-11-26
8.30,2019-11-27
8.46,2019-11-28
8.78,2019-11-29
8.59,2019-12-02
8.43,2019-12-03
8.48,2019-12-04
8.36,2019-12-05
8.21,2019-12-06
9.03,2019-12-09
9.38,2019-12-10
9.29,2019-12-11
9.33,2019-12-12
9.58,2019-12-13
10.10,2019-12-16
10.20,2019-12-17
10.30,2019-12-18
10.15,2019-12-19
10.05,2019-12-20
10.20,2019-12-23
10.00,2019-12-24
10.15,2019-12-25
10.10,2019-12-26
10.15,2019-12-27
10.10,2019-12-30
10.05,2019-12-31
10.15,2020-01-02
10.05,2020-01-03
9.96,2020-01-06
10.05,2020-01-07
10.35,2020-01-08
10.15,2020-01-09
10.05,2020-01-10
10.35,2020-01-13
10.45,2020-01-14
