48.30,2004-02-11
48.54,2004-02-12
49.41,2004-02-13
49.17,2004-02-16
49.40,2004-02-17
49.53,2004-02-18
49.96,2004-02-19
49.95,2004-02-20
49.56,2004-02-23
49.40,2004-02-24
49.53,2004-02-25
49.79,2004-02-26
50.55,2004-02-27
51.95,2004-03-01
52.80,2004-03-02
52.70,2004-03-03
53.10,2004-03-04
52.50,2004-03-05
51.85,2004-03-08
51.95,2004-03-09
51.25,2004-03-10
51.35,2004-03-11
50.40,2004-03-12
49.60,2004-03-15
49.00,2004-03-16
49.07,2004-03-17
50.70,2004-03-18
51.00,2004-03-19
0.00,2004-03-22
46.30,2004-03-23
46.91,2004-03-24
46.75,2004-03-25
46.78,2004-03-26
49.10,2004-03-29
49.30,2004-03-30
48.99,2004-03-31
48.68,2004-04-01
48.91,2004-04-02
49.95,2004-04-05
49.92,2004-04-06
49.87,2004-04-07
50.10,2004-04-08
49.77,2004-04-09
50.90,2004-04-12
50.80,2004-04-13
51.40,2004-04-14
50.40,2004-04-15
51.15,2004-04-16
50.90,2004-04-19
50.90,2004-04-20
51.20,2004-04-21
50.50,2004-04-22
50.75,2004-04-23
50.90,2004-04-26
50.40,2004-04-27
49.94,2004-04-28
48.65,2004-04-29
47.30,2004-04-30
45.91,2004-05-03
46.99,2004-05-04
44.65,2004-05-05
45.30,2004-05-06
45.71,2004-05-07
44.52,2004-05-10
44.72,2004-05-11
45.48,2004-05-12
44.98,2004-05-13
44.10,2004-05-14
0.00,2004-05-17
41.62,2004-05-18
44.61,2004-05-19
44.50,2004-05-20
45.21,2004-05-21
45.12,2004-05-24
44.93,2004-05-25
45.95,2004-05-26
45.95,2004-05-27
46.26,2004-05-28
45.35,2004-05-31
45.20,2004-06-01
44.69,2004-06-02
43.63,2004-06-03
43.02,2004-06-04
45.10,2004-06-07
45.54,2004-06-08
45.36,2004-06-09
44.80,2004-06-10
43.43,2004-06-11
42.20,2004-06-14
42.99,2004-06-15
42.35,2004-06-16
43.20,2004-06-17
42.60,2004-06-18
42.52,2004-06-21
43.89,2004-06-23
44.36,2004-06-24
44.38,2004-06-25
43.72,2004-06-28
43.80,2004-06-29
44.74,2004-06-30
44.88,2004-07-01
43.92,2004-07-02
43.40,2004-07-05
43.79,2004-07-06
43.87,2004-07-07
43.82,2004-07-08
44.34,2004-07-09
44.02,2004-07-12
43.70,2004-07-13
43.32,2004-07-14
42.60,2004-07-15
42.38,2004-07-16
42.37,2004-07-19
41.20,2004-07-20
41.98,2004-07-21
41.60,2004-07-22
41.56,2004-07-23
41.20,2004-07-26
41.85,2004-07-27
41.70,2004-07-28
41.36,2004-07-29
41.91,2004-07-30
41.62,2004-08-02
41.65,2004-08-03
41.30,2004-08-04
42.80,2004-08-05
42.27,2004-08-06
42.20,2004-08-09
42.02,2004-08-10
41.75,2004-08-11
41.78,2004-08-12
41.82,2004-08-13
41.65,2004-08-16
41.72,2004-08-17
42.70,2004-08-18
44.15,2004-08-19
44.20,2004-08-20
44.45,2004-08-23
45.90,2004-08-26
45.60,2004-08-27
45.58,2004-08-30
45.13,2004-08-31
45.76,2004-09-01
45.60,2004-09-02
44.84,2004-09-03
44.92,2004-09-06
45.49,2004-09-07
45.46,2004-09-08
45.38,2004-09-09
45.45,2004-09-10
46.27,2004-09-13
46.26,2004-09-14
45.76,2004-09-15
45.76,2004-09-16
45.40,2004-09-17
45.56,2004-09-20
46.20,2004-09-21
46.33,2004-09-22
46.15,2004-09-23
45.40,2004-09-24
45.38,2004-09-27
45.37,2004-09-29
45.54,2004-09-30
46.29,2004-10-01
47.26,2004-10-04
47.45,2004-10-05
47.20,2004-10-06
47.47,2004-10-07
47.42,2004-10-08
47.15,2004-10-11
46.27,2004-10-12
46.15,2004-10-13
45.15,2004-10-14
45.08,2004-10-15
45.04,2004-10-18
45.37,2004-10-19
45.07,2004-10-20
45.15,2004-10-21
45.20,2004-10-22
44.21,2004-10-26
44.14,2004-10-27
44.80,2004-10-28
44.71,2004-10-29
44.20,2004-11-01
45.19,2004-11-02
46.02,2004-11-03
46.20,2004-11-04
46.85,2004-11-05
46.80,2004-11-08
46.81,2004-11-09
46.83,2004-11-10
45.95,2004-11-11
46.51,2004-11-12
46.56,2004-11-15
46.76,2004-11-16
47.58,2004-11-17
47.58,2004-11-18
47.38,2004-11-19
45.71,2004-11-22
45.79,2004-11-23
46.30,2004-11-24
46.00,2004-11-25
45.46,2004-11-26
45.55,2004-11-29
45.50,2004-11-30
45.63,2004-12-01
46.00,2004-12-02
46.36,2004-12-03
46.54,2004-12-06
46.63,2004-12-07
46.49,2004-12-08
46.50,2004-12-09
46.42,2004-12-10
46.00,2004-12-13
46.23,2004-12-14
47.13,2004-12-15
47.28,2004-12-16
47.13,2004-12-17
46.52,2004-12-20
46.90,2004-12-21
47.19,2004-12-22
46.92,2004-12-23
47.20,2004-12-24
47.02,2004-12-27
47.20,2004-12-28
47.96,2004-12-29
48.06,2004-12-30
48.47,2004-12-31
48.29,2005-01-03
47.48,2005-01-04
46.87,2005-01-05
46.83,2005-01-06
46.50,2005-01-07
46.68,2005-01-10
46.88,2005-01-11
45.93,2005-01-12
45.88,2005-01-13
46.09,2005-01-14
46.62,2005-01-17
46.57,2005-01-18
46.40,2005-01-19
46.29,2005-01-20
45.91,2005-01-21
45.39,2005-01-24
45.37,2005-01-25
45.83,2005-01-26
45.83,2005-01-27
46.26,2005-01-28
47.08,2005-01-31
47.06,2005-02-01
47.54,2005-02-02
47.66,2005-02-03
48.48,2005-02-14
48.49,2005-02-15
48.38,2005-02-16
47.75,2005-02-17
47.93,2005-02-18
48.17,2005-02-21
47.80,2005-02-22
47.81,2005-02-23
47.93,2005-02-24
48.63,2005-02-25
48.83,2005-03-01
48.70,2005-03-02
48.49,2005-03-03
48.20,2005-03-04
48.45,2005-03-07
47.90,2005-03-08
48.21,2005-03-09
47.98,2005-03-10
48.16,2005-03-11
47.72,2005-03-14
47.08,2005-03-15
47.22,2005-03-16
46.86,2005-03-17
46.86,2005-03-18
46.87,2005-03-21
46.71,2005-03-22
46.50,2005-03-23
46.40,2005-03-24
46.85,2005-03-25
46.71,2005-03-28
46.22,2005-03-29
46.23,2005-03-30
46.68,2005-03-31
46.75,2005-04-01
46.68,2005-04-04
46.64,2005-04-06
46.50,2005-04-07
46.64,2005-04-08
46.50,2005-04-11
46.68,2005-04-12
46.72,2005-04-13
46.50,2005-04-14
45.90,2005-04-15
44.59,2005-04-18
44.88,2005-04-19
44.40,2005-04-20
44.65,2005-04-21
44.85,2005-04-22
45.11,2005-04-25
45.35,2005-04-26
45.35,2005-04-27
45.50,2005-04-28
45.72,2005-04-29
45.91,2005-05-03
45.80,2005-05-04
46.87,2005-05-05
46.91,2005-05-06
46.99,2005-05-09
47.00,2005-05-10
46.72,2005-05-11
46.85,2005-05-12
47.20,2005-05-13
46.98,2005-05-16
46.44,2005-05-17
46.69,2005-05-18
45.37,2005-05-19
45.25,2005-05-20
44.67,2005-05-23
44.85,2005-05-24
44.71,2005-05-25
45.00,2005-05-26
45.44,2005-05-27
45.40,2005-05-30
45.51,2005-05-31
45.15,2005-06-01
45.51,2005-06-02
45.92,2005-06-03
45.93,2005-06-06
45.90,2005-06-07
46.07,2005-06-08
46.06,2005-06-09
46.34,2005-06-10
46.96,2005-06-13
46.98,2005-06-14
47.05,2005-06-15
47.41,2005-06-16
47.81,2005-06-17
47.87,2005-06-20
47.47,2005-06-21
48.27,2005-06-22
48.26,2005-06-23
47.92,2005-06-24
47.61,2005-06-27
47.86,2005-06-28
47.40,2005-06-29
47.30,2005-06-30
47.57,2005-07-01
47.32,2005-07-04
47.02,2005-07-05
47.06,2005-07-06
46.86,2005-07-07
46.95,2005-07-08
47.95,2005-07-11
48.38,2005-07-12
48.50,2005-07-13
48.82,2005-07-14
48.94,2005-07-15
48.91,2005-07-19
48.98,2005-07-20
48.91,2005-07-21
48.70,2005-07-22
48.98,2005-07-25
48.86,2005-07-26
48.35,2005-07-27
48.58,2005-07-28
48.17,2005-07-29
48.31,2005-08-01
48.91,2005-08-02
49.74,2005-08-03
49.75,2005-08-04
49.16,2005-08-08
49.03,2005-08-09
49.00,2005-08-10
49.00,2005-08-11
48.91,2005-08-12
47.92,2005-08-15
48.16,2005-08-16
48.20,2005-08-17
48.10,2005-08-18
47.56,2005-08-19
47.94,2005-08-22
47.98,2005-08-23
47.65,2005-08-24
47.54,2005-08-25
47.71,2005-08-26
46.85,2005-08-29
46.80,2005-08-30
46.70,2005-08-31
47.32,2005-09-02
47.26,2005-09-05
47.55,2005-09-06
47.61,2005-09-07
47.64,2005-09-08
47.40,2005-09-09
47.81,2005-09-12
47.93,2005-09-13
47.74,2005-09-14
47.53,2005-09-15
47.00,2005-09-16
47.18,2005-09-19
47.70,2005-09-20
47.36,2005-09-21
46.42,2005-09-22
46.10,2005-09-23
46.12,2005-09-26
46.31,2005-09-27
46.26,2005-09-28
46.75,2005-09-29
47.45,2005-09-30
47.55,2005-10-03
47.86,2005-10-04
47.70,2005-10-05
47.47,2005-10-06
47.40,2005-10-07
47.34,2005-10-11
46.64,2005-10-12
46.40,2005-10-13
46.40,2005-10-14
45.41,2005-10-17
45.49,2005-10-18
44.22,2005-10-19
44.79,2005-10-20
44.57,2005-10-21
44.57,2005-10-24
44.83,2005-10-25
44.71,2005-10-26
44.60,2005-10-27
44.45,2005-10-28
45.42,2005-10-31
45.52,2005-11-01
46.10,2005-11-02
46.10,2005-11-03
46.35,2005-11-04
46.31,2005-11-07
46.32,2005-11-08
47.12,2005-11-09
47.30,2005-11-10
47.95,2005-11-11
48.04,2005-11-14
47.62,2005-11-15
47.71,2005-11-16
47.49,2005-11-17
48.15,2005-11-18
48.19,2005-11-21
47.84,2005-11-22
48.25,2005-11-23
48.27,2005-11-24
48.27,2005-11-25
49.04,2005-11-28
48.52,2005-11-29
48.76,2005-11-30
48.69,2005-12-01
49.05,2005-12-02
50.35,2005-12-05
50.25,2005-12-06
49.86,2005-12-07
49.05,2005-12-08
49.05,2005-12-09
49.08,2005-12-12
49.01,2005-12-13
48.81,2005-12-14
48.89,2005-12-15
49.72,2005-12-16
50.30,2005-12-19
50.20,2005-12-20
50.65,2005-12-21
50.25,2005-12-22
51.00,2005-12-23
51.25,2005-12-26
51.40,2005-12-27
50.95,2005-12-28
51.35,2005-12-29
51.25,2005-12-30
50.55,2006-01-02
51.40,2006-01-03
51.65,2006-01-04
52.45,2006-01-05
52.25,2006-01-06
52.80,2006-01-09
52.30,2006-01-10
52.55,2006-01-11
52.60,2006-01-12
52.45,2006-01-13
52.85,2006-01-16
52.80,2006-01-17
50.80,2006-01-18
51.35,2006-01-19
51.30,2006-01-20
50.55,2006-01-23
50.90,2006-01-24
51.35,2006-01-25
51.60,2006-02-03
52.35,2006-02-06
52.95,2006-02-07
52.30,2006-02-08
52.10,2006-02-09
52.05,2006-02-10
52.00,2006-02-13
52.20,2006-02-14
52.05,2006-02-15
53.00,2006-02-16
52.75,2006-02-17
52.90,2006-02-20
52.75,2006-02-21
52.05,2006-02-22
51.70,2006-02-23
52.05,2006-02-24
52.40,2006-02-27
52.80,2006-03-01
52.85,2006-03-02
52.00,2006-03-03
52.40,2006-03-06
51.80,2006-03-07
51.40,2006-03-08
51.60,2006-03-09
51.60,2006-03-10
51.80,2006-03-13
51.25,2006-03-14
52.15,2006-03-15
51.85,2006-03-16
51.90,2006-03-17
51.90,2006-03-20
51.55,2006-03-21
50.70,2006-03-22
50.50,2006-03-23
50.80,2006-03-24
51.05,2006-03-27
51.45,2006-03-28
51.65,2006-03-29
52.30,2006-03-30
52.75,2006-03-31
53.10,2006-04-03
53.10,2006-04-04
53.65,2006-04-06
53.90,2006-04-07
54.00,2006-04-10
53.55,2006-04-11
53.90,2006-04-12
54.40,2006-04-13
55.05,2006-04-14
55.20,2006-04-17
55.20,2006-04-18
55.70,2006-04-19
56.05,2006-04-20
56.25,2006-04-21
56.35,2006-04-24
55.80,2006-04-25
56.85,2006-04-26
56.60,2006-04-27
56.80,2006-04-28
56.70,2006-05-02
57.15,2006-05-03
58.00,2006-05-04
58.40,2006-05-05
59.20,2006-05-08
58.40,2006-05-09
57.35,2006-05-10
57.75,2006-05-11
57.50,2006-05-12
55.95,2006-05-15
55.15,2006-05-16
55.60,2006-05-17
54.60,2006-05-18
54.75,2006-05-19
53.90,2006-05-22
53.00,2006-05-23
53.35,2006-05-24
53.30,2006-05-25
53.25,2006-05-26
53.60,2006-05-29
53.40,2006-05-30
53.40,2006-06-01
54.25,2006-06-02
52.45,2006-06-05
52.80,2006-06-06
51.80,2006-06-07
49.90,2006-06-08
50.70,2006-06-09
50.55,2006-06-12
49.60,2006-06-13
51.10,2006-06-14
50.80,2006-06-15
51.80,2006-06-16
51.80,2006-06-19
50.40,2006-06-20
50.20,2006-06-21
51.65,2006-06-22
51.10,2006-06-23
51.80,2006-06-26
51.85,2006-06-27
51.55,2006-06-28
52.15,2006-06-29
53.10,2006-06-30
53.00,2006-07-03
53.20,2006-07-04
52.70,2006-07-05
52.50,2006-07-06
52.30,2006-07-07
53.00,2006-07-10
52.65,2006-07-11
52.50,2006-07-12
52.05,2006-07-13
50.80,2006-07-14
49.60,2006-07-17
49.96,2006-07-18
49.93,2006-07-19
51.30,2006-07-20
51.15,2006-07-21
50.55,2006-07-24
50.85,2006-07-25
50.85,2006-07-26
51.60,2006-07-27
51.50,2006-07-28
51.35,2006-07-31
51.45,2006-08-01
51.75,2006-08-02
51.80,2006-08-03
51.40,2006-08-04
51.35,2006-08-07
52.20,2006-08-08
52.95,2006-08-09
53.05,2006-08-10
53.00,2006-08-11
53.40,2006-08-14
53.45,2006-08-15
54.30,2006-08-16
54.75,2006-08-17
54.60,2006-08-18
52.90,2006-08-21
53.35,2006-08-22
53.45,2006-08-23
53.15,2006-08-24
53.15,2006-08-25
52.50,2006-08-28
52.85,2006-08-29
53.60,2006-08-30
54.20,2006-08-31
54.35,2006-09-01
55.05,2006-09-04
55.15,2006-09-05
54.65,2006-09-06
54.55,2006-09-07
54.65,2006-09-08
54.75,2006-09-11
54.15,2006-09-12
54.80,2006-09-13
54.55,2006-09-14
55.20,2006-09-15
56.90,2006-09-18
56.90,2006-09-19
56.60,2006-09-20
56.75,2006-09-21
56.45,2006-09-22
56.60,2006-09-25
56.60,2006-09-26
56.95,2006-09-27
56.50,2006-09-28
56.35,2006-09-29
56.70,2006-10-02
56.85,2006-10-03
56.20,2006-10-04
57.20,2006-10-05
57.30,2006-10-11
57.00,2006-10-12
57.65,2006-10-13
57.50,2006-10-14
58.10,2006-10-16
57.80,2006-10-17
57.00,2006-10-18
56.70,2006-10-19
57.00,2006-10-20
56.95,2006-10-23
57.45,2006-10-24
57.35,2006-10-25
53.55,2006-10-26
53.85,2006-10-27
53.10,2006-10-30
53.40,2006-10-31
53.20,2006-11-01
53.40,2006-11-02
54.25,2006-11-03
53.85,2006-11-06
54.25,2006-11-07
54.10,2006-11-08
53.90,2006-11-09
53.90,2006-11-10
53.55,2006-11-13
53.95,2006-11-14
54.20,2006-11-15
54.30,2006-11-16
54.35,2006-11-17
53.90,2006-11-20
54.70,2006-11-21
55.10,2006-11-22
55.20,2006-11-23
55.55,2006-11-24
55.85,2006-11-27
55.60,2006-11-28
55.65,2006-11-29
56.25,2006-11-30
56.60,2006-12-01
56.95,2006-12-04
56.80,2006-12-05
57.45,2006-12-06
57.30,2006-12-07
56.50,2006-12-08
56.50,2006-12-11
55.25,2006-12-12
55.20,2006-12-13
55.50,2006-12-14
55.90,2006-12-15
56.70,2006-12-18
56.35,2006-12-19
56.50,2006-12-20
56.50,2006-12-21
56.50,2006-12-22
56.35,2006-12-25
56.75,2006-12-26
57.05,2006-12-27
57.00,2006-12-28
57.75,2006-12-29
58.40,2007-01-02
58.70,2007-01-03
58.65,2007-01-04
57.85,2007-01-05
57.00,2007-01-08
57.25,2007-01-09
56.45,2007-01-10
56.25,2007-01-11
57.45,2007-01-12
57.75,2007-01-15
57.55,2007-01-16
57.95,2007-01-17
58.40,2007-01-18
57.95,2007-01-19
57.80,2007-01-22
57.75,2007-01-23
58.60,2007-01-24
58.65,2007-01-25
57.65,2007-01-26
57.10,2007-01-29
57.10,2007-01-30
56.70,2007-01-31
56.75,2007-02-01
57.35,2007-02-02
57.30,2007-02-05
57.75,2007-02-06
57.80,2007-02-07
57.65,2007-02-08
57.75,2007-02-09
57.15,2007-02-12
56.65,2007-02-13
57.10,2007-02-14
57.90,2007-02-26
57.75,2007-02-27
56.05,2007-03-01
55.70,2007-03-02
55.30,2007-03-03
53.40,2007-03-05
54.00,2007-03-06
54.30,2007-03-07
54.90,2007-03-08
54.75,2007-03-09
55.25,2007-03-12
55.75,2007-03-13
54.95,2007-03-14
55.70,2007-03-15
55.85,2007-03-16
55.95,2007-03-19
56.15,2007-03-20
56.20,2007-03-21
56.85,2007-03-22
56.70,2007-03-23
57.05,2007-03-26
56.90,2007-03-27
56.20,2007-03-28
56.50,2007-03-29
56.35,2007-03-30
56.65,2007-04-02
56.85,2007-04-03
57.70,2007-04-04
58.15,2007-04-09
58.00,2007-04-10
58.45,2007-04-11
58.20,2007-04-12
57.55,2007-04-13
57.75,2007-04-14
57.95,2007-04-16
57.45,2007-04-17
57.60,2007-04-18
56.70,2007-04-19
56.95,2007-04-20
57.85,2007-04-23
58.00,2007-04-24
57.60,2007-04-25
57.65,2007-04-26
57.50,2007-04-27
56.85,2007-04-30
57.50,2007-05-02
58.20,2007-05-03
59.10,2007-05-04
59.50,2007-05-07
59.20,2007-05-08
58.95,2007-05-09
59.25,2007-05-10
58.60,2007-05-11
58.75,2007-05-14
58.10,2007-05-15
58.15,2007-05-16
58.55,2007-05-17
58.40,2007-05-18
59.50,2007-05-21
59.75,2007-05-22
60.05,2007-05-23
60.05,2007-05-24
59.40,2007-05-25
59.45,2007-05-28
59.80,2007-05-29
59.25,2007-05-30
59.70,2007-05-31
59.95,2007-06-01
60.15,2007-06-04
60.15,2007-06-05
60.70,2007-06-06
60.90,2007-06-07
60.65,2007-06-08
60.80,2007-06-11
61.20,2007-06-12
61.10,2007-06-13
62.00,2007-06-14
63.20,2007-06-15
65.10,2007-06-20
65.80,2007-06-21
65.35,2007-06-22
64.90,2007-06-23
66.15,2007-06-25
65.30,2007-06-26
65.00,2007-06-27
65.15,2007-06-28
64.95,2007-06-29
65.50,2007-07-02
66.30,2007-07-03
66.80,2007-07-04
67.10,2007-07-05
67.00,2007-07-06
68.60,2007-07-09
68.60,2007-07-10
67.80,2007-07-11
68.20,2007-07-12
68.75,2007-07-13
68.40,2007-07-16
68.60,2007-07-17
68.20,2007-07-18
68.15,2007-07-19
69.10,2007-07-20
68.80,2007-07-23
69.65,2007-07-24
69.70,2007-07-25
68.40,2007-07-26
65.50,2007-07-27
64.65,2007-07-30
66.20,2007-07-31
63.30,2007-08-01
64.40,2007-08-02
65.25,2007-08-03
64.60,2007-08-06
63.90,2007-08-07
65.20,2007-08-08
65.75,2007-08-09
64.00,2007-08-10
63.80,2007-08-13
63.95,2007-08-14
62.15,2007-08-15
59.55,2007-08-16
59.60,2007-08-17
62.30,2007-08-20
61.75,2007-08-21
62.35,2007-08-22
63.95,2007-08-23
63.45,2007-08-24
63.80,2007-08-27
63.65,2007-08-28
63.00,2007-08-29
63.80,2007-08-30
65.60,2007-08-31
65.80,2007-09-03
65.40,2007-09-04
64.95,2007-09-05
65.80,2007-09-06
65.90,2007-09-07
65.40,2007-09-10
65.75,2007-09-11
65.60,2007-09-12
65.10,2007-09-13
66.20,2007-09-14
65.20,2007-09-17
65.60,2007-09-19
66.00,2007-09-20
66.85,2007-09-21
67.95,2007-09-26
68.85,2007-09-27
69.05,2007-09-28
69.35,2007-09-29
69.30,2007-10-01
70.60,2007-10-02
71.70,2007-10-03
71.20,2007-10-04
71.15,2007-10-05
71.85,2007-10-08
71.60,2007-10-09
71.85,2007-10-11
69.85,2007-10-12
70.50,2007-10-15
70.85,2007-10-16
70.40,2007-10-17
71.35,2007-10-18
71.05,2007-10-19
69.30,2007-10-22
70.60,2007-10-23
67.70,2007-10-24
68.40,2007-10-25
69.20,2007-10-26
70.65,2007-10-29
70.40,2007-10-30
70.15,2007-10-31
69.40,2007-11-01
66.95,2007-11-02
67.10,2007-11-05
67.45,2007-11-06
67.05,2007-11-07
64.85,2007-11-08
65.35,2007-11-09
63.60,2007-11-12
63.45,2007-11-13
64.70,2007-11-14
64.25,2007-11-15
63.05,2007-11-16
62.65,2007-11-19
62.40,2007-11-20
61.10,2007-11-21
61.15,2007-11-22
60.65,2007-11-23
61.90,2007-11-26
60.95,2007-11-27
60.25,2007-11-28
61.30,2007-11-29
61.80,2007-11-30
61.95,2007-12-03
62.50,2007-12-04
62.75,2007-12-05
62.75,2007-12-06
63.35,2007-12-07
62.00,2007-12-10
62.30,2007-12-11
61.20,2007-12-12
58.65,2007-12-13
58.40,2007-12-14
56.70,2007-12-17
56.85,2007-12-18
58.45,2007-12-19
57.45,2007-12-20
58.70,2007-12-21
59.15,2007-12-24
59.55,2007-12-25
59.60,2007-12-26
60.90,2007-12-27
60.95,2007-12-28
61.40,2007-12-31
60.10,2008-01-02
59.05,2008-01-03
59.10,2008-01-04
56.35,2008-01-07
56.90,2008-01-08
57.90,2008-01-09
57.85,2008-01-10
57.60,2008-01-11
58.80,2008-01-14
61.05,2008-01-15
58.40,2008-01-16
58.10,2008-01-17
58.45,2008-01-18
57.70,2008-01-21
0.00,2008-01-22
53.60,2008-01-23
55.00,2008-01-24
56.35,2008-01-25
54.55,2008-01-28
55.05,2008-01-29
54.95,2008-01-30
54.95,2008-01-31
56.35,2008-02-01
54.95,2008-02-12
54.75,2008-02-13
57.75,2008-02-14
57.30,2008-02-15
57.20,2008-02-18
57.95,2008-02-19
56.90,2008-02-20
58.50,2008-02-21
58.75,2008-02-22
59.95,2008-02-25
60.15,2008-02-26
60.70,2008-02-27
60.85,2008-02-29
59.10,2008-03-03
60.65,2008-03-04
60.90,2008-03-05
62.30,2008-03-06
61.40,2008-03-07
59.55,2008-03-10
60.05,2008-03-11
60.65,2008-03-12
59.10,2008-03-13
58.45,2008-03-14
57.30,2008-03-17
57.90,2008-03-18
58.45,2008-03-19
59.95,2008-03-20
61.50,2008-03-21
64.10,2008-03-24
63.05,2008-03-25
62.40,2008-03-26
61.20,2008-03-27
61.90,2008-03-28
60.45,2008-03-31
60.05,2008-04-01
61.70,2008-04-02
61.20,2008-04-03
62.20,2008-04-07
61.60,2008-04-08
61.55,2008-04-09
62.55,2008-04-10
63.45,2008-04-11
63.20,2008-04-14
63.15,2008-04-15
64.20,2008-04-16
64.65,2008-04-17
64.40,2008-04-18
64.60,2008-04-21
64.30,2008-04-22
63.70,2008-04-23
63.40,2008-04-24
63.45,2008-04-25
64.15,2008-04-28
63.50,2008-04-29
63.80,2008-04-30
64.15,2008-05-02
62.90,2008-05-05
63.00,2008-05-06
63.50,2008-05-07
62.70,2008-05-08
62.20,2008-05-09
62.65,2008-05-12
63.85,2008-05-13
64.15,2008-05-14
65.00,2008-05-15
65.35,2008-05-16
65.60,2008-05-19
63.95,2008-05-20
63.35,2008-05-21
63.40,2008-05-22
62.40,2008-05-23
61.55,2008-05-26
62.15,2008-05-27
61.65,2008-05-28
62.20,2008-05-29
62.15,2008-05-30
62.60,2008-06-02
61.55,2008-06-03
61.75,2008-06-04
62.65,2008-06-05
62.65,2008-06-06
61.15,2008-06-09
59.65,2008-06-10
59.85,2008-06-11
58.40,2008-06-12
58.80,2008-06-13
59.10,2008-06-16
59.45,2008-06-17
59.55,2008-06-18
58.40,2008-06-19
57.20,2008-06-20
57.30,2008-06-23
56.90,2008-06-24
57.50,2008-06-25
57.00,2008-06-26
55.20,2008-06-27
55.00,2008-06-30
54.90,2008-07-01
54.30,2008-07-02
54.20,2008-07-03
52.60,2008-07-04
53.55,2008-07-07
51.65,2008-07-08
51.45,2008-07-09
51.70,2008-07-10
52.90,2008-07-11
52.20,2008-07-14
49.89,2008-07-15
49.50,2008-07-16
52.15,2008-07-17
51.00,2008-07-18
53.70,2008-07-21
52.90,2008-07-22
54.30,2008-07-23
54.65,2008-07-24
53.85,2008-07-25
51.95,2008-07-29
52.50,2008-07-30
52.35,2008-07-31
52.35,2008-08-01
52.45,2008-08-04
51.40,2008-08-05
53.25,2008-08-06
53.05,2008-08-07
54.60,2008-08-08
55.55,2008-08-11
55.50,2008-08-12
55.35,2008-08-13
55.70,2008-08-14
54.40,2008-08-15
53.30,2008-08-18
52.90,2008-08-19
53.40,2008-08-20
52.55,2008-08-21
52.65,2008-08-22
53.60,2008-08-25
53.20,2008-08-26
54.10,2008-08-27
53.70,2008-08-28
53.60,2008-08-29
51.40,2008-09-01
50.55,2008-09-02
49.99,2008-09-03
48.98,2008-09-04
48.55,2008-09-05
51.95,2008-09-08
49.64,2008-09-09
49.80,2008-09-10
48.37,2008-09-11
48.86,2008-09-12
46.55,2008-09-15
44.99,2008-09-16
45.90,2008-09-17
44.50,2008-09-18
47.61,2008-09-19
48.49,2008-09-22
48.76,2008-09-23
48.40,2008-09-24
47.70,2008-09-25
46.60,2008-09-26
44.60,2008-09-30
45.60,2008-10-01
44.54,2008-10-02
44.72,2008-10-03
42.70,2008-10-06
42.95,2008-10-07
40.18,2008-10-08
40.23,2008-10-09
0.00,2008-10-13
41.55,2008-10-14
40.57,2008-10-15
0.00,2008-10-16
38.02,2008-10-17
38.33,2008-10-20
38.11,2008-10-21
0.00,2008-10-22
0.00,2008-10-23
0.00,2008-10-24
30.10,2008-10-27
32.18,2008-10-28
32.19,2008-10-29
34.44,2008-10-30
36.50,2008-10-31
36.67,2008-11-03
36.63,2008-11-04
36.50,2008-11-05
0.00,2008-11-06
34.38,2008-11-07
34.03,2008-11-10
33.46,2008-11-11
33.40,2008-11-12
31.56,2008-11-13
32.00,2008-11-14
32.16,2008-11-17
30.90,2008-11-18
30.95,2008-11-19
29.50,2008-11-20
30.78,2008-11-21
29.85,2008-11-24
30.60,2008-11-25
30.95,2008-11-26
32.70,2008-11-27
32.13,2008-11-28
32.48,2008-12-01
30.60,2008-12-02
30.50,2008-12-03
30.00,2008-12-04
30.17,2008-12-05
32.29,2008-12-08
32.28,2008-12-09
34.15,2008-12-10
33.80,2008-12-11
32.00,2008-12-12
33.51,2008-12-15
33.50,2008-12-16
33.66,2008-12-17
33.79,2008-12-18
33.81,2008-12-19
32.64,2008-12-22
31.75,2008-12-23
31.80,2008-12-24
31.82,2008-12-25
31.84,2008-12-26
31.76,2008-12-29
33.15,2008-12-30
32.87,2008-12-31
34.19,2009-01-05
34.18,2009-01-06
34.63,2009-01-07
32.43,2009-01-08
32.22,2009-01-09
32.00,2009-01-10
31.95,2009-01-12
32.66,2009-01-13
32.50,2009-01-14
31.00,2009-01-15
31.37,2009-01-16
31.40,2009-01-17
31.53,2009-01-19
30.70,2009-01-20
30.49,2009-01-21
30.83,2009-02-02
31.46,2009-02-03
31.69,2009-02-04
31.42,2009-02-05
32.20,2009-02-06
32.50,2009-02-09
32.67,2009-02-10
33.25,2009-02-11
32.35,2009-02-12
33.28,2009-02-13
33.20,2009-02-16
32.40,2009-02-17
32.49,2009-02-18
32.91,2009-02-19
32.10,2009-02-20
32.42,2009-02-23
32.15,2009-02-24
32.70,2009-02-25
32.70,2009-02-26
33.04,2009-02-27
31.93,2009-03-02
31.95,2009-03-03
32.74,2009-03-04
33.42,2009-03-05
33.67,2009-03-06
33.32,2009-03-09
33.48,2009-03-10
34.25,2009-03-11
34.05,2009-03-12
34.99,2009-03-13
35.50,2009-03-16
36.15,2009-03-17
36.10,2009-03-18
35.87,2009-03-19
35.41,2009-03-20
36.56,2009-03-23
37.43,2009-03-24
37.82,2009-03-25
38.02,2009-03-26
37.75,2009-03-27
36.29,2009-03-30
36.64,2009-03-31
37.28,2009-04-01
38.50,2009-04-02
38.58,2009-04-03
38.77,2009-04-06
38.80,2009-04-07
37.73,2009-04-08
39.28,2009-04-09
39.90,2009-04-10
40.17,2009-04-13
40.47,2009-04-14
40.21,2009-04-15
41.19,2009-04-16
39.88,2009-04-17
40.17,2009-04-20
40.78,2009-04-21
40.65,2009-04-22
40.46,2009-04-23
40.50,2009-04-24
39.52,2009-04-27
39.05,2009-04-28
39.36,2009-04-29
42.15,2009-04-30
45.10,2009-05-04
46.21,2009-05-05
46.38,2009-05-06
46.26,2009-05-07
45.82,2009-05-08
46.19,2009-05-11
44.58,2009-05-12
44.67,2009-05-13
43.65,2009-05-14
44.80,2009-05-15
45.05,2009-05-18
46.10,2009-05-19
46.27,2009-05-20
45.94,2009-05-21
45.78,2009-05-22
45.73,2009-05-25
45.60,2009-05-26
47.96,2009-05-27
47.72,2009-06-01
47.81,2009-06-02
47.75,2009-06-03
46.70,2009-06-04
46.62,2009-06-05
46.90,2009-06-06
45.71,2009-06-08
44.45,2009-06-09
44.85,2009-06-10
45.23,2009-06-11
44.66,2009-06-12
43.04,2009-06-15
43.04,2009-06-16
42.97,2009-06-17
42.74,2009-06-18
43.21,2009-06-19
43.85,2009-06-22
42.84,2009-06-23
44.07,2009-06-24
44.57,2009-06-25
44.59,2009-06-26
44.27,2009-06-29
44.46,2009-06-30
45.45,2009-07-01
45.89,2009-07-02
45.79,2009-07-03
45.65,2009-07-06
46.19,2009-07-07
45.66,2009-07-08
46.49,2009-07-09
46.78,2009-07-10
45.30,2009-07-13
46.13,2009-07-14
47.02,2009-07-15
47.38,2009-07-16
47.86,2009-07-17
48.40,2009-07-20
48.40,2009-07-21
48.48,2009-07-22
48.50,2009-07-23
48.38,2009-07-24
48.83,2009-07-27
49.69,2009-07-28
49.35,2009-07-29
48.80,2009-07-30
49.01,2009-07-31
49.15,2009-08-03
48.65,2009-08-04
48.04,2009-08-05
48.10,2009-08-06
48.26,2009-08-10
48.40,2009-08-11
48.23,2009-08-12
49.35,2009-08-13
49.61,2009-08-14
48.66,2009-08-17
48.02,2009-08-18
47.85,2009-08-19
47.59,2009-08-20
47.18,2009-08-21
48.70,2009-08-24
48.33,2009-08-25
48.00,2009-08-26
47.74,2009-08-27
48.40,2009-08-28
48.41,2009-08-31
50.15,2009-09-01
50.15,2009-09-02
50.45,2009-09-03
51.05,2009-09-04
51.75,2009-09-07
52.45,2009-09-08
52.05,2009-09-09
52.85,2009-09-10
52.50,2009-09-11
51.80,2009-09-14
52.40,2009-09-15
53.20,2009-09-16
53.15,2009-09-17
53.25,2009-09-18
53.15,2009-09-21
52.95,2009-09-22
52.65,2009-09-23
52.00,2009-09-24
52.30,2009-09-25
51.80,2009-09-28
52.85,2009-09-29
53.30,2009-09-30
53.65,2009-10-01
52.70,2009-10-02
52.60,2009-10-05
53.55,2009-10-06
53.80,2009-10-07
53.05,2009-10-08
53.35,2009-10-09
53.55,2009-10-12
53.65,2009-10-13
54.35,2009-10-14
54.65,2009-10-15
54.60,2009-10-16
54.80,2009-10-19
54.90,2009-10-20
54.50,2009-10-21
53.65,2009-10-22
53.25,2009-10-23
53.45,2009-10-26
53.35,2009-10-27
52.55,2009-10-28
51.50,2009-10-29
51.65,2009-10-30
51.30,2009-11-02
51.00,2009-11-03
51.90,2009-11-04
51.80,2009-11-05
52.20,2009-11-06
52.70,2009-11-09
53.15,2009-11-10
53.80,2009-11-11
53.75,2009-11-12
53.65,2009-11-13
54.50,2009-11-16
54.10,2009-11-17
54.15,2009-11-18
53.95,2009-11-19
53.45,2009-11-20
53.35,2009-11-23
53.60,2009-11-24
53.95,2009-11-25
53.85,2009-11-26
52.15,2009-11-27
52.65,2009-11-30
53.20,2009-12-01
53.35,2009-12-02
53.40,2009-12-03
53.10,2009-12-04
53.90,2009-12-07
53.65,2009-12-08
53.80,2009-12-09
52.95,2009-12-10
53.80,2009-12-11
53.85,2009-12-14
53.70,2009-12-15
53.20,2009-12-16
53.40,2009-12-17
53.25,2009-12-18
53.70,2009-12-21
54.10,2009-12-22
54.50,2009-12-23
55.10,2009-12-24
55.20,2009-12-25
55.55,2009-12-28
55.45,2009-12-29
55.65,2009-12-30
56.45,2009-12-31
56.50,2010-01-04
56.50,2010-01-05
57.55,2010-01-06
57.40,2010-01-07
57.75,2010-01-08
57.85,2010-01-11
57.60,2010-01-12
56.70,2010-01-13
57.40,2010-01-14
57.75,2010-01-15
57.45,2010-01-18
56.75,2010-01-19
56.35,2010-01-20
55.90,2010-01-21
54.40,2010-01-22
54.15,2010-01-25
52.95,2010-01-26
52.85,2010-01-27
54.05,2010-01-28
52.95,2010-01-29
52.40,2010-02-01
51.85,2010-02-02
52.70,2010-02-03
52.55,2010-02-04
50.75,2010-02-05
51.20,2010-02-06
50.80,2010-02-08
51.55,2010-02-09
52.05,2010-02-10
52.60,2010-02-22
52.60,2010-02-23
52.20,2010-02-24
51.65,2010-02-25
51.50,2010-02-26
52.70,2010-03-01
52.65,2010-03-02
52.65,2010-03-03
52.15,2010-03-04
52.90,2010-03-05
53.65,2010-03-08
53.75,2010-03-09
53.75,2010-03-10
53.65,2010-03-11
53.55,2010-03-12
52.85,2010-03-15
53.05,2010-03-16
54.10,2010-03-17
54.35,2010-03-18
54.25,2010-03-19
53.65,2010-03-22
53.35,2010-03-23
53.45,2010-03-24
53.45,2010-03-25
53.90,2010-03-26
54.45,2010-03-29
54.40,2010-03-30
54.20,2010-03-31
54.75,2010-04-01
54.75,2010-04-02
55.30,2010-04-06
55.40,2010-04-07
55.00,2010-04-08
55.20,2010-04-09
55.40,2010-04-12
54.75,2010-04-13
55.20,2010-04-14
55.55,2010-04-15
55.15,2010-04-16
53.65,2010-04-19
53.85,2010-04-20
54.50,2010-04-21
54.45,2010-04-22
54.70,2010-04-23
55.85,2010-04-26
55.80,2010-04-27
55.25,2010-04-28
54.95,2010-04-29
54.75,2010-04-30
54.40,2010-05-03
54.50,2010-05-04
52.95,2010-05-05
51.90,2010-05-06
51.90,2010-05-07
52.40,2010-05-10
52.20,2010-05-11
52.05,2010-05-12
53.20,2010-05-13
53.10,2010-05-14
51.85,2010-05-17
51.95,2010-05-18
51.45,2010-05-19
50.75,2010-05-20
49.74,2010-05-21
50.40,2010-05-24
49.12,2010-05-25
49.32,2010-05-26
49.66,2010-05-27
49.87,2010-05-28
50.05,2010-05-31
49.80,2010-06-01
49.04,2010-06-02
50.15,2010-06-03
50.05,2010-06-04
48.73,2010-06-07
48.55,2010-06-08
48.17,2010-06-09
48.84,2010-06-10
49.62,2010-06-11
50.30,2010-06-14
50.70,2010-06-15
51.05,2010-06-17
50.85,2010-06-18
51.95,2010-06-21
51.65,2010-06-22
51.15,2010-06-23
51.25,2010-06-24
50.60,2010-06-25
50.75,2010-06-28
50.45,2010-06-29
49.55,2010-06-30
49.19,2010-07-01
49.49,2010-07-02
50.45,2010-07-05
51.35,2010-07-06
51.30,2010-07-07
52.00,2010-07-08
52.35,2010-07-09
52.25,2010-07-12
52.15,2010-07-13
53.10,2010-07-14
53.20,2010-07-15
52.90,2010-07-16
52.70,2010-07-19
53.20,2010-07-20
52.90,2010-07-21
52.90,2010-07-22
53.65,2010-07-23
53.85,2010-07-26
53.60,2010-07-27
54.05,2010-07-28
54.10,2010-07-29
53.90,2010-07-30
54.95,2010-08-02
55.15,2010-08-03
55.10,2010-08-04
55.05,2010-08-05
55.15,2010-08-06
55.50,2010-08-09
55.40,2010-08-10
54.65,2010-08-11
54.25,2010-08-12
54.80,2010-08-13
55.00,2010-08-16
54.95,2010-08-17
54.65,2010-08-18
54.90,2010-08-19
54.90,2010-08-20
55.25,2010-08-23
54.95,2010-08-24
53.90,2010-08-25
53.60,2010-08-26
53.80,2010-08-27
54.10,2010-08-30
53.25,2010-08-31
53.65,2010-09-01
54.00,2010-09-02
54.50,2010-09-03
54.90,2010-09-06
54.85,2010-09-07
54.65,2010-09-08
54.75,2010-09-09
55.25,2010-09-10
56.75,2010-09-13
57.00,2010-09-14
57.20,2010-09-15
56.65,2010-09-16
57.25,2010-09-17
57.20,2010-09-20
57.35,2010-09-21
57.35,2010-09-23
56.95,2010-09-24
57.40,2010-09-27
57.40,2010-09-28
57.75,2010-09-29
57.65,2010-09-30
57.70,2010-10-01
57.75,2010-10-04
57.35,2010-10-05
57.75,2010-10-06
57.85,2010-10-07
57.60,2010-10-08
56.90,2010-10-11
56.15,2010-10-12
56.50,2010-10-13
57.40,2010-10-14
57.35,2010-10-15
56.20,2010-10-18
56.05,2010-10-19
56.70,2010-10-20
56.75,2010-10-21
57.05,2010-10-22
56.05,2010-10-25
56.25,2010-10-26
56.05,2010-10-27
56.45,2010-10-28
56.00,2010-10-29
56.80,2010-11-01
56.75,2010-11-02
56.65,2010-11-03
57.05,2010-11-04
57.60,2010-11-05
57.50,2010-11-08
57.65,2010-11-09
57.65,2010-11-10
57.50,2010-11-11
56.35,2010-11-12
56.10,2010-11-15
56.70,2010-11-16
56.45,2010-11-17
56.50,2010-11-18
56.65,2010-11-19
57.30,2010-11-22
56.85,2010-11-23
56.80,2010-11-24
57.05,2010-11-25
56.80,2010-11-26
56.90,2010-11-29
57.10,2010-11-30
57.95,2010-12-01
58.45,2010-12-02
58.95,2010-12-03
59.15,2010-12-06
59.10,2010-12-07
59.10,2010-12-08
59.65,2010-12-09
59.30,2010-12-10
59.45,2010-12-13
59.25,2010-12-14
59.60,2010-12-15
59.70,2010-12-16
60.15,2010-12-17
59.85,2010-12-20
60.05,2010-12-21
60.05,2010-12-22
60.40,2010-12-23
60.20,2010-12-24
60.40,2010-12-27
60.30,2010-12-28
60.45,2010-12-29
60.45,2010-12-30
61.35,2010-12-31
61.45,2011-01-03
61.30,2011-01-04
60.25,2011-01-05
60.15,2011-01-06
59.60,2011-01-07
59.80,2011-01-10
60.80,2011-01-11
61.10,2011-01-12
61.05,2011-01-13
60.95,2011-01-14
60.85,2011-01-17
61.30,2011-01-18
62.05,2011-01-19
61.65,2011-01-20
61.00,2011-01-21
60.95,2011-01-24
61.40,2011-01-25
61.95,2011-01-26
62.40,2011-01-27
62.95,2011-01-28
62.60,2011-02-08
61.95,2011-02-09
60.80,2011-02-10
58.85,2011-02-11
59.35,2011-02-14
59.75,2011-02-15
59.85,2011-02-16
59.60,2011-02-17
60.65,2011-02-18
60.65,2011-02-21
59.80,2011-02-22
58.95,2011-02-23
59.00,2011-02-24
59.45,2011-02-25
59.90,2011-03-01
59.40,2011-03-02
60.15,2011-03-03
60.60,2011-03-04
60.15,2011-03-07
60.25,2011-03-08
60.20,2011-03-09
59.45,2011-03-10
58.85,2011-03-11
58.75,2011-03-14
57.30,2011-03-15
57.30,2011-03-16
57.20,2011-03-17
57.75,2011-03-18
58.10,2011-03-21
58.35,2011-03-22
58.45,2011-03-23
58.75,2011-03-24
59.30,2011-03-25
59.10,2011-03-28
59.20,2011-03-29
59.60,2011-03-30
59.50,2011-03-31
59.80,2011-04-01
61.15,2011-04-06
61.25,2011-04-07
61.10,2011-04-08
61.05,2011-04-11
60.00,2011-04-12
60.40,2011-04-13
60.35,2011-04-14
59.65,2011-04-15
59.55,2011-04-18
59.15,2011-04-19
60.30,2011-04-20
61.65,2011-04-21
61.55,2011-04-22
61.35,2011-04-25
61.10,2011-04-26
62.10,2011-04-27
62.15,2011-04-28
61.95,2011-04-29
62.15,2011-05-03
61.70,2011-05-04
62.20,2011-05-05
61.95,2011-05-06
62.30,2011-05-09
62.25,2011-05-10
62.05,2011-05-11
62.10,2011-05-12
62.00,2011-05-13
61.30,2011-05-16
61.25,2011-05-17
61.55,2011-05-18
61.05,2011-05-19
61.10,2011-05-20
60.30,2011-05-23
60.40,2011-05-24
60.25,2011-05-25
60.80,2011-05-26
60.55,2011-05-27
60.50,2011-05-30
61.95,2011-05-31
62.35,2011-06-01
61.85,2011-06-02
62.20,2011-06-03
62.20,2011-06-07
62.00,2011-06-08
62.00,2011-06-09
60.55,2011-06-10
59.75,2011-06-13
60.70,2011-06-14
60.50,2011-06-15
59.35,2011-06-16
59.20,2011-06-17
58.60,2011-06-20
59.05,2011-06-21
59.15,2011-06-22
58.60,2011-06-23
58.20,2011-06-24
57.80,2011-06-27
57.60,2011-06-28
58.60,2011-06-29
58.85,2011-06-30
59.65,2011-07-01
60.00,2011-07-04
59.95,2011-07-05
60.55,2011-07-06
60.30,2011-07-07
60.05,2011-07-08
59.60,2011-07-11
58.65,2011-07-12
58.65,2011-07-13
58.85,2011-07-14
59.15,2011-07-15
59.00,2011-07-18
58.90,2011-07-19
60.40,2011-07-20
60.55,2011-07-21
60.95,2011-07-22
60.40,2011-07-25
61.20,2011-07-26
61.25,2011-07-27
60.80,2011-07-28
59.90,2011-07-29
60.30,2011-08-01
59.50,2011-08-02
58.55,2011-08-03
57.85,2011-08-04
54.45,2011-08-05
53.45,2011-08-08
52.95,2011-08-09
54.10,2011-08-10
54.10,2011-08-11
53.55,2011-08-12
54.60,2011-08-15
54.35,2011-08-16
53.95,2011-08-17
52.95,2011-08-18
51.05,2011-08-19
51.45,2011-08-22
53.30,2011-08-23
52.60,2011-08-24
52.30,2011-08-25
53.00,2011-08-26
53.80,2011-08-29
54.15,2011-08-30
54.55,2011-08-31
55.15,2011-09-01
55.10,2011-09-02
53.60,2011-09-05
52.50,2011-09-06
53.55,2011-09-07
53.70,2011-09-08
54.15,2011-09-09
52.60,2011-09-13
51.55,2011-09-14
52.80,2011-09-15
54.10,2011-09-16
53.15,2011-09-19
53.35,2011-09-20
53.60,2011-09-21
52.10,2011-09-22
50.35,2011-09-23
49.32,2011-09-26
51.05,2011-09-27
51.15,2011-09-28
51.55,2011-09-29
51.65,2011-09-30
50.30,2011-10-03
50.70,2011-10-04
50.20,2011-10-05
51.20,2011-10-06
51.50,2011-10-07
53.00,2011-10-11
52.85,2011-10-12
52.80,2011-10-13
52.45,2011-10-14
53.10,2011-10-17
52.50,2011-10-18
52.35,2011-10-19
51.70,2011-10-20
51.90,2011-10-21
53.55,2011-10-24
53.55,2011-10-25
52.10,2011-10-26
52.20,2011-10-27
52.40,2011-10-28
52.15,2011-10-31
52.50,2011-11-01
52.40,2011-11-02
51.45,2011-11-03
52.25,2011-11-04
52.35,2011-11-07
52.15,2011-11-08
52.15,2011-11-09
50.55,2011-11-10
50.90,2011-11-11
52.10,2011-11-14
51.85,2011-11-15
51.20,2011-11-16
51.30,2011-11-17
50.30,2011-11-18
49.22,2011-11-21
49.02,2011-11-22
47.85,2011-11-23
47.86,2011-11-24
47.43,2011-11-25
48.28,2011-11-28
48.71,2011-11-29
48.08,2011-11-30
50.25,2011-12-01
49.82,2011-12-02
49.65,2011-12-05
48.69,2011-12-06
49.18,2011-12-07
48.84,2011-12-08
48.24,2011-12-09
48.74,2011-12-12
48.54,2011-12-13
48.58,2011-12-14
47.50,2011-12-15
47.69,2011-12-16
46.73,2011-12-19
46.99,2011-12-20
49.27,2011-12-21
49.16,2011-12-22
50.00,2011-12-23
49.95,2011-12-26
49.84,2011-12-27
49.57,2011-12-28
49.61,2011-12-29
49.80,2011-12-30
49.06,2012-01-02
49.70,2012-01-03
50.00,2012-01-04
50.10,2012-01-05
49.99,2012-01-06
49.80,2012-01-09
50.65,2012-01-10
50.65,2012-01-11
50.75,2012-01-12
50.80,2012-01-13
50.05,2012-01-16
50.55,2012-01-17
50.40,2012-01-18
51.80,2012-01-30
51.90,2012-01-31
52.30,2012-02-01
52.90,2012-02-02
53.00,2012-02-03
53.65,2012-02-04
53.15,2012-02-06
53.30,2012-02-07
54.40,2012-02-08
54.40,2012-02-09
53.95,2012-02-10
54.20,2012-02-13
54.00,2012-02-14
54.90,2012-02-15
54.25,2012-02-16
54.70,2012-02-17
54.70,2012-02-20
54.50,2012-02-21
54.85,2012-02-22
54.60,2012-02-23
54.75,2012-02-24
55.95,2012-02-29
55.85,2012-03-01
55.60,2012-03-02
55.35,2012-03-03
54.85,2012-03-05
54.55,2012-03-06
54.35,2012-03-07
54.70,2012-03-08
54.95,2012-03-09
54.35,2012-03-12
55.10,2012-03-13
55.90,2012-03-14
55.65,2012-03-15
55.40,2012-03-16
55.25,2012-03-19
54.85,2012-03-20
54.85,2012-03-21
55.55,2012-03-22
55.40,2012-03-23
54.50,2012-03-26
55.20,2012-03-27
55.45,2012-03-28
54.70,2012-03-29
54.90,2012-03-30
54.70,2012-04-02
54.25,2012-04-03
53.60,2012-04-05
53.75,2012-04-06
53.10,2012-04-09
53.10,2012-04-10
53.25,2012-04-11
53.30,2012-04-12
53.95,2012-04-13
53.75,2012-04-16
52.90,2012-04-17
53.00,2012-04-18
53.05,2012-04-19
52.30,2012-04-20
52.25,2012-04-23
52.35,2012-04-24
52.65,2012-04-25
52.30,2012-04-26
52.15,2012-04-27
52.00,2012-04-30
53.30,2012-05-02
53.10,2012-05-03
53.15,2012-05-04
52.00,2012-05-07
52.00,2012-05-08
51.70,2012-05-09
51.70,2012-05-10
51.15,2012-05-11
51.15,2012-05-14
51.15,2012-05-15
50.15,2012-05-16
50.75,2012-05-17
49.66,2012-05-18
49.95,2012-05-21
50.35,2012-05-22
49.48,2012-05-23
49.35,2012-05-24
49.00,2012-05-25
49.46,2012-05-28
50.65,2012-05-29
50.10,2012-05-30
50.15,2012-05-31
49.14,2012-06-01
47.67,2012-06-04
48.29,2012-06-05
48.63,2012-06-06
48.73,2012-06-07
48.00,2012-06-08
48.95,2012-06-11
48.60,2012-06-12
48.71,2012-06-13
48.78,2012-06-14
49.39,2012-06-15
50.15,2012-06-18
49.91,2012-06-19
50.45,2012-06-20
50.10,2012-06-21
49.55,2012-06-22
49.19,2012-06-25
48.99,2012-06-26
49.40,2012-06-27
49.51,2012-06-28
50.15,2012-06-29
50.55,2012-07-02
51.20,2012-07-03
51.40,2012-07-04
51.30,2012-07-05
51.00,2012-07-06
50.90,2012-07-09
50.40,2012-07-10
50.50,2012-07-11
49.65,2012-07-12
49.50,2012-07-13
49.50,2012-07-16
49.85,2012-07-17
49.20,2012-07-18
50.15,2012-07-19
50.15,2012-07-20
49.24,2012-07-23
49.11,2012-07-24
48.85,2012-07-25
48.94,2012-07-26
49.92,2012-07-27
50.25,2012-07-30
51.05,2012-07-31
51.15,2012-08-01
50.85,2012-08-03
51.55,2012-08-06
51.55,2012-08-07
51.75,2012-08-08
52.80,2012-08-09
52.80,2012-08-10
53.00,2012-08-13
53.20,2012-08-14
53.00,2012-08-15
53.20,2012-08-16
52.95,2012-08-17
52.80,2012-08-20
53.40,2012-08-21
53.30,2012-08-22
53.25,2012-08-23
53.05,2012-08-24
53.15,2012-08-27
52.50,2012-08-28
52.70,2012-08-29
52.55,2012-08-30
52.70,2012-08-31
53.15,2012-09-03
53.05,2012-09-04
52.35,2012-09-05
52.15,2012-09-06
52.95,2012-09-07
53.25,2012-09-10
53.30,2012-09-11
54.05,2012-09-12
54.10,2012-09-13
55.50,2012-09-14
55.60,2012-09-17
55.35,2012-09-18
55.65,2012-09-19
55.25,2012-09-20
55.45,2012-09-21
55.45,2012-09-24
55.30,2012-09-25
54.85,2012-09-26
55.10,2012-09-27
55.15,2012-09-28
54.95,2012-10-01
55.25,2012-10-02
55.00,2012-10-03
55.05,2012-10-04
55.10,2012-10-05
54.65,2012-10-08
54.40,2012-10-09
53.25,2012-10-11
53.15,2012-10-12
53.20,2012-10-15
53.50,2012-10-16
53.40,2012-10-17
53.60,2012-10-18
53.20,2012-10-19
52.90,2012-10-22
52.90,2012-10-23
50.95,2012-10-24
50.45,2012-10-25
49.90,2012-10-26
49.99,2012-10-29
50.40,2012-10-30
50.40,2012-10-31
50.35,2012-11-01
50.65,2012-11-02
50.50,2012-11-05
50.85,2012-11-06
51.10,2012-11-07
50.75,2012-11-08
51.10,2012-11-09
50.90,2012-11-12
50.05,2012-11-13
50.15,2012-11-14
50.00,2012-11-15
49.93,2012-11-16
50.20,2012-11-19
50.30,2012-11-20
49.97,2012-11-21
50.15,2012-11-22
51.65,2012-11-23
52.20,2012-11-26
52.35,2012-11-27
52.40,2012-11-28
53.05,2012-11-29
53.50,2012-11-30
53.50,2012-12-03
53.40,2012-12-04
53.70,2012-12-05
53.60,2012-12-06
53.85,2012-12-07
53.70,2012-12-10
53.60,2012-12-11
54.10,2012-12-12
54.70,2012-12-13
54.20,2012-12-14
53.50,2012-12-17
53.50,2012-12-18
53.70,2012-12-19
53.05,2012-12-20
52.75,2012-12-21
52.90,2012-12-22
52.65,2012-12-24
53.55,2012-12-25
53.45,2012-12-26
53.45,2012-12-27
53.75,2012-12-28
54.40,2013-01-02
54.85,2013-01-03
54.50,2013-01-04
54.20,2013-01-07
53.90,2013-01-08
54.05,2013-01-09
54.45,2013-01-10
54.45,2013-01-11
54.45,2013-01-14
54.00,2013-01-15
53.70,2013-01-16
53.25,2013-01-17
53.95,2013-01-18
53.90,2013-01-21
54.05,2013-01-22
53.95,2013-01-23
53.65,2013-01-24
53.50,2013-01-25
53.75,2013-01-28
54.45,2013-01-29
54.60,2013-01-30
54.60,2013-01-31
54.80,2013-02-01
55.20,2013-02-04
54.95,2013-02-05
55.35,2013-02-06
55.60,2013-02-18
55.65,2013-02-19
56.05,2013-02-20
55.70,2013-02-21
55.50,2013-02-22
55.75,2013-02-23
55.70,2013-02-25
55.10,2013-02-26
55.15,2013-02-27
55.40,2013-03-01
54.75,2013-03-04
55.15,2013-03-05
55.40,2013-03-06
55.40,2013-03-07
55.75,2013-03-08
55.90,2013-03-11
55.55,2013-03-12
55.60,2013-03-13
55.55,2013-03-14
55.20,2013-03-15
54.45,2013-03-18
54.60,2013-03-19
54.20,2013-03-20
54.30,2013-03-21
54.15,2013-03-22
54.55,2013-03-25
54.50,2013-03-26
54.65,2013-03-27
54.50,2013-03-28
55.10,2013-03-29
55.00,2013-04-01
54.85,2013-04-02
55.00,2013-04-03
53.85,2013-04-08
53.70,2013-04-09
53.75,2013-04-10
54.35,2013-04-11
54.30,2013-04-12
53.85,2013-04-15
53.95,2013-04-16
53.90,2013-04-17
53.80,2013-04-18
55.40,2013-04-19
55.40,2013-04-22
55.05,2013-04-23
55.55,2013-04-24
55.60,2013-04-25
55.85,2013-04-26
55.80,2013-04-29
56.40,2013-04-30
56.55,2013-05-02
56.65,2013-05-03
56.90,2013-05-06
57.10,2013-05-07
57.80,2013-05-08
58.20,2013-05-09
57.90,2013-05-10
57.75,2013-05-13
57.85,2013-05-14
57.95,2013-05-15
58.65,2013-05-16
58.40,2013-05-17
58.30,2013-05-20
58.30,2013-05-21
58.25,2013-05-22
57.00,2013-05-23
56.85,2013-05-24
57.30,2013-05-27
57.15,2013-05-28
57.65,2013-05-29
56.95,2013-05-30
56.95,2013-05-31
56.65,2013-06-03
56.55,2013-06-04
56.55,2013-06-05
55.85,2013-06-06
56.00,2013-06-07
56.45,2013-06-10
56.30,2013-06-11
54.95,2013-06-13
54.80,2013-06-14
55.10,2013-06-17
55.35,2013-06-18
55.30,2013-06-19
54.25,2013-06-20
53.60,2013-06-21
53.35,2013-06-24
53.00,2013-06-25
53.65,2013-06-26
54.30,2013-06-27
55.10,2013-06-28
55.60,2013-07-01
55.50,2013-07-02
54.85,2013-07-03
54.95,2013-07-04
56.00,2013-07-05
54.95,2013-07-08
55.60,2013-07-09
55.80,2013-07-10
57.15,2013-07-11
57.35,2013-07-12
57.50,2013-07-15
57.50,2013-07-16
57.60,2013-07-17
57.20,2013-07-18
55.90,2013-07-19
56.15,2013-07-22
57.00,2013-07-23
56.90,2013-07-24
56.95,2013-07-25
56.85,2013-07-26
56.45,2013-07-29
56.90,2013-07-30
56.55,2013-07-31
56.15,2013-08-01
56.50,2013-08-02
56.65,2013-08-05
55.85,2013-08-06
55.10,2013-08-07
54.90,2013-08-08
54.80,2013-08-09
54.95,2013-08-12
55.50,2013-08-13
55.35,2013-08-14
55.00,2013-08-15
55.20,2013-08-16
55.05,2013-08-19
54.60,2013-08-20
54.15,2013-08-22
54.80,2013-08-23
55.10,2013-08-26
54.60,2013-08-27
54.70,2013-08-28
55.45,2013-08-29
55.85,2013-08-30
56.30,2013-09-02
56.65,2013-09-03
56.55,2013-09-04
56.85,2013-09-05
57.00,2013-09-06
57.20,2013-09-09
57.35,2013-09-10
57.45,2013-09-11
57.55,2013-09-12
57.10,2013-09-13
57.05,2013-09-14
57.80,2013-09-16
57.70,2013-09-17
57.50,2013-09-18
58.00,2013-09-23
58.05,2013-09-24
57.80,2013-09-25
57.20,2013-09-26
57.40,2013-09-27
57.15,2013-09-30
57.10,2013-10-01
57.30,2013-10-02
58.50,2013-10-03
58.40,2013-10-04
57.90,2013-10-07
58.35,2013-10-08
58.20,2013-10-09
58.45,2013-10-11
58.00,2013-10-14
58.45,2013-10-15
58.20,2013-10-16
58.55,2013-10-17
59.05,2013-10-18
58.95,2013-10-21
58.95,2013-10-22
58.70,2013-10-23
57.50,2013-10-24
57.05,2013-10-25
57.50,2013-10-28
57.70,2013-10-29
57.85,2013-10-30
57.85,2013-10-31
57.55,2013-11-01
57.30,2013-11-04
56.75,2013-11-05
56.75,2013-11-06
56.65,2013-11-07
56.45,2013-11-08
56.25,2013-11-11
56.50,2013-11-12
55.75,2013-11-13
55.85,2013-11-14
56.15,2013-11-15
56.40,2013-11-18
56.80,2013-11-19
56.40,2013-11-20
55.45,2013-11-21
55.50,2013-11-22
56.20,2013-11-25
56.65,2013-11-26
56.95,2013-11-27
57.30,2013-11-28
57.55,2013-11-29
57.40,2013-12-02
57.45,2013-12-03
57.45,2013-12-04
57.10,2013-12-05
57.10,2013-12-06
57.65,2013-12-09
57.80,2013-12-10
57.85,2013-12-11
57.35,2013-12-12
57.30,2013-12-13
56.90,2013-12-16
57.20,2013-12-17
56.95,2013-12-18
57.35,2013-12-19
57.40,2013-12-20
57.80,2013-12-23
57.80,2013-12-24
57.85,2013-12-25
57.85,2013-12-26
58.30,2013-12-27
58.80,2013-12-30
58.70,2013-12-31
58.55,2014-01-02
57.85,2014-01-03
57.70,2014-01-06
57.70,2014-01-07
57.80,2014-01-08
57.50,2014-01-09
57.55,2014-01-10
57.90,2014-01-13
57.80,2014-01-14
58.40,2014-01-15
58.55,2014-01-16
58.60,2014-01-17
58.75,2014-01-20
58.55,2014-01-21
58.65,2014-01-22
58.50,2014-01-23
58.65,2014-01-24
57.55,2014-01-27
55.75,2014-02-05
55.95,2014-02-06
56.60,2014-02-07
56.60,2014-02-10
56.90,2014-02-11
57.50,2014-02-12
57.35,2014-02-13
57.90,2014-02-14
57.95,2014-02-17
58.15,2014-02-18
58.15,2014-02-19
57.65,2014-02-20
58.20,2014-02-21
57.90,2014-02-24
58.15,2014-02-25
58.35,2014-02-26
58.30,2014-02-27
57.90,2014-03-03
57.70,2014-03-04
58.30,2014-03-05
59.15,2014-03-06
59.40,2014-03-07
59.00,2014-03-10
59.30,2014-03-11
58.80,2014-03-12
59.70,2014-03-13
59.15,2014-03-14
59.05,2014-03-17
59.40,2014-03-18
59.20,2014-03-19
58.45,2014-03-20
58.50,2014-03-21
58.60,2014-03-24
59.10,2014-03-25
59.65,2014-03-26
59.80,2014-03-27
59.90,2014-03-28
60.10,2014-03-31
60.55,2014-04-01
60.80,2014-04-02
60.65,2014-04-03
60.45,2014-04-07
60.80,2014-04-08
61.00,2014-04-09
61.20,2014-04-10
61.15,2014-04-11
61.05,2014-04-14
61.30,2014-04-15
61.30,2014-04-16
61.15,2014-04-17
61.55,2014-04-18
61.55,2014-04-21
61.75,2014-04-22
61.65,2014-04-23
61.75,2014-04-24
60.70,2014-04-25
61.20,2014-04-28
61.30,2014-04-29
61.00,2014-04-30
61.25,2014-05-02
61.20,2014-05-05
61.55,2014-05-06
61.40,2014-05-07
61.80,2014-05-08
61.45,2014-05-09
61.15,2014-05-12
61.45,2014-05-13
61.80,2014-05-14
61.75,2014-05-15
61.80,2014-05-16
61.85,2014-05-19
62.10,2014-05-20
61.80,2014-05-21
62.60,2014-05-22
62.75,2014-05-23
63.00,2014-05-26
63.10,2014-05-27
63.70,2014-05-28
63.40,2014-05-29
63.05,2014-05-30
63.15,2014-06-03
63.35,2014-06-04
63.35,2014-06-05
63.50,2014-06-06
63.75,2014-06-09
64.20,2014-06-10
64.15,2014-06-11
63.95,2014-06-12
63.85,2014-06-13
63.85,2014-06-16
64.35,2014-06-17
64.50,2014-06-18
64.95,2014-06-19
64.75,2014-06-20
64.70,2014-06-23
64.75,2014-06-24
64.65,2014-06-25
65.35,2014-06-26
65.30,2014-06-27
65.90,2014-06-30
66.55,2014-07-01
67.05,2014-07-02
67.65,2014-07-03
67.70,2014-07-04
67.60,2014-07-07
67.70,2014-07-08
67.75,2014-07-09
68.35,2014-07-10
68.25,2014-07-11
68.65,2014-07-14
68.95,2014-07-15
68.30,2014-07-16
67.50,2014-07-17
67.45,2014-07-18
67.50,2014-07-21
68.05,2014-07-22
68.35,2014-07-24
67.60,2014-07-25
67.50,2014-07-28
67.40,2014-07-29
67.85,2014-07-30
66.70,2014-07-31
66.20,2014-08-01
66.55,2014-08-04
65.20,2014-08-05
65.65,2014-08-06
65.70,2014-08-07
65.65,2014-08-08
66.05,2014-08-11
66.05,2014-08-12
66.70,2014-08-13
67.10,2014-08-14
67.10,2014-08-15
66.85,2014-08-18
67.70,2014-08-19
68.00,2014-08-20
67.85,2014-08-21
68.70,2014-08-22
68.65,2014-08-25
68.60,2014-08-26
69.25,2014-08-27
69.35,2014-08-28
69.15,2014-08-29
69.75,2014-09-01
68.75,2014-09-02
69.25,2014-09-03
68.95,2014-09-04
68.95,2014-09-05
69.25,2014-09-09
68.60,2014-09-10
68.35,2014-09-11
67.70,2014-09-12
67.70,2014-09-15
67.15,2014-09-16
67.65,2014-09-17
67.80,2014-09-18
67.95,2014-09-19
66.90,2014-09-22
66.75,2014-09-23
66.55,2014-09-24
65.90,2014-09-25
65.60,2014-09-26
65.40,2014-09-29
65.25,2014-09-30
65.45,2014-10-01
65.50,2014-10-02
66.65,2014-10-03
66.60,2014-10-06
66.05,2014-10-07
65.70,2014-10-08
65.95,2014-10-09
64.00,2014-10-13
64.50,2014-10-14
64.05,2014-10-15
64.00,2014-10-16
63.35,2014-10-17
64.55,2014-10-20
64.30,2014-10-21
65.25,2014-10-22
65.05,2014-10-23
63.00,2014-10-24
63.25,2014-10-27
64.30,2014-10-28
64.95,2014-10-29
64.80,2014-10-30
65.25,2014-10-31
65.60,2014-11-03
65.65,2014-11-04
65.50,2014-11-05
65.00,2014-11-06
65.20,2014-11-07
66.10,2014-11-10
65.95,2014-11-11
64.95,2014-11-12
65.60,2014-11-13
65.60,2014-11-14
65.10,2014-11-17
64.90,2014-11-18
65.85,2014-11-19
66.60,2014-11-20
66.60,2014-11-21
66.80,2014-11-24
66.85,2014-11-25
66.85,2014-11-26
67.45,2014-11-27
67.50,2014-11-28
66.80,2014-12-01
65.75,2014-12-02
66.80,2014-12-03
67.10,2014-12-04
66.80,2014-12-05
66.35,2014-12-08
66.15,2014-12-09
65.25,2014-12-10
65.20,2014-12-11
65.25,2014-12-12
65.05,2014-12-15
64.50,2014-12-16
63.50,2014-12-17
63.65,2014-12-18
65.15,2014-12-19
65.95,2014-12-22
65.80,2014-12-23
66.30,2014-12-24
66.25,2014-12-25
66.45,2014-12-26
66.60,2014-12-27
67.15,2014-12-29
66.85,2014-12-30
66.80,2014-12-31
66.55,2015-01-05
64.85,2015-01-06
64.95,2015-01-07
66.45,2015-01-08
66.15,2015-01-09
65.70,2015-01-12
65.95,2015-01-13
65.55,2015-01-14
65.65,2015-01-15
65.50,2015-01-16
66.25,2015-01-19
66.75,2015-01-20
67.25,2015-01-21
67.55,2015-01-22
68.65,2015-01-23
68.70,2015-01-26
69.15,2015-01-27
69.15,2015-01-28
68.25,2015-01-29
68.00,2015-01-30
68.15,2015-02-02
68.65,2015-02-03
69.40,2015-02-04
69.05,2015-02-05
68.75,2015-02-06
68.50,2015-02-09
68.20,2015-02-10
69.00,2015-02-11
69.00,2015-02-12
69.40,2015-02-13
70.25,2015-02-24
70.75,2015-02-25
70.25,2015-02-26
69.95,2015-03-02
69.85,2015-03-03
69.90,2015-03-04
69.65,2015-03-05
69.80,2015-03-06
69.05,2015-03-09
68.90,2015-03-10
69.00,2015-03-11
69.60,2015-03-12
69.40,2015-03-13
68.85,2015-03-16
69.10,2015-03-17
69.85,2015-03-18
70.65,2015-03-19
70.50,2015-03-20
70.75,2015-03-23
70.50,2015-03-24
70.20,2015-03-25
69.35,2015-03-26
68.70,2015-03-27
68.80,2015-03-30
69.05,2015-03-31
68.65,2015-04-01
69.50,2015-04-02
69.55,2015-04-07
69.00,2015-04-08
69.05,2015-04-09
69.65,2015-04-10
69.80,2015-04-13
69.50,2015-04-14
68.60,2015-04-15
69.70,2015-04-16
69.05,2015-04-17
68.95,2015-04-20
68.90,2015-04-21
69.60,2015-04-22
71.45,2015-04-23
72.20,2015-04-24
72.70,2015-04-27
72.60,2015-04-28
71.75,2015-04-29
71.40,2015-04-30
71.55,2015-05-04
71.15,2015-05-05
71.25,2015-05-06
70.45,2015-05-07
70.45,2015-05-08
70.80,2015-05-11
70.65,2015-05-12
71.05,2015-05-13
70.05,2015-05-14
69.95,2015-05-15
70.25,2015-05-18
71.25,2015-05-19
70.80,2015-05-20
70.10,2015-05-21
70.70,2015-05-22
70.70,2015-05-25
70.95,2015-05-26
71.15,2015-05-27
71.50,2015-05-28
71.05,2015-05-29
70.45,2015-06-01
70.35,2015-06-02
69.95,2015-06-03
68.55,2015-06-04
68.40,2015-06-05
68.85,2015-06-08
68.30,2015-06-09
68.65,2015-06-10
68.85,2015-06-11
68.75,2015-06-12
68.60,2015-06-15
68.20,2015-06-16
68.45,2015-06-17
68.40,2015-06-18
69.30,2015-06-22
69.50,2015-06-23
69.65,2015-06-24
70.40,2015-06-25
70.40,2015-06-26
68.75,2015-06-29
69.35,2015-06-30
70.05,2015-07-01
70.05,2015-07-02
70.10,2015-07-03
69.30,2015-07-06
69.55,2015-07-07
67.45,2015-07-08
67.05,2015-07-09
68.05,2015-07-13
68.05,2015-07-14
68.25,2015-07-15
68.50,2015-07-16
68.45,2015-07-17
68.00,2015-07-20
68.60,2015-07-21
67.80,2015-07-22
67.10,2015-07-23
66.75,2015-07-24
65.75,2015-07-27
65.85,2015-07-28
65.40,2015-07-29
66.45,2015-07-30
66.15,2015-07-31
65.20,2015-08-03
65.30,2015-08-04
65.65,2015-08-05
64.95,2015-08-06
64.70,2015-08-07
64.55,2015-08-10
64.50,2015-08-11
63.45,2015-08-12
63.55,2015-08-13
63.30,2015-08-14
62.90,2015-08-17
62.50,2015-08-18
61.60,2015-08-19
61.4,2015-08-20
59.8,2015-08-21
57.45,2015-08-24
59.95,2015-08-25
60.30,2015-08-26
60.15,2015-08-27
61.80,2015-08-28
62.30,2015-08-31
61.75,2015-09-01
62.05,2015-09-02
62.15,2015-09-03
61.35,2015-09-04
61.20,2015-09-07
61.45,2015-09-08
64.10,2015-09-09
63.40,2015-09-10
63.50,2015-09-11
63.60,2015-09-14
63.15,2015-09-15
63.80,2015-09-16
64.95,2015-09-17
64.85,2015-09-18
63.45,2015-09-21
63.80,2015-09-22
62.35,2015-09-23
62.00,2015-09-24
62.20,2015-09-25
62.35,2015-09-30
63.6,2015-10-01
63.25,2015-10-02
63.4,2015-10-05
63.9,2015-10-06
64.8,2015-10-07
64.7,2015-10-08
65.5,2015-10-12
65.3,2015-10-13
65.05,2015-10-14
65.95,2015-10-15
65.7,2015-10-16
65.85,2015-10-19
65.9,2015-10-20
65.45,2015-10-21
65.45,2015-10-22
65.9,2015-10-23
64.55,2015-10-26
64.15,2015-10-27
63.75,2015-10-28
63.30,2015-10-29
63.20,2015-10-30
63.30,2015-11-02
64.25,2015-11-03
65.55,2015-11-04
65.4,2015-11-05
64.05,2015-11-06
63.65,2015-11-09
62.9,2015-11-10
62.1,2015-11-11
62.25,2015-11-12
61.6,2015-11-13
61.1,2015-11-16
62.3,2015-11-17
61.35,2015-11-18
62.3,2015-11-19
62.25,2015-11-20
62.55,2015-11-23
61.95,2015-11-24
61.9,2015-11-25
62.75,2015-11-26
61.9,2015-11-27
61.2,2015-11-30
62.3,2015-12-01
62.3,2015-12-02
62.35,2015-12-03
61.7,2015-12-04
62.45,2015-12-07
61.5,2015-12-08
60.75,2015-12-09
60.5,2015-12-10
59.85,2015-12-11
59.35,2015-12-14
59.4,2015-12-15
60.3,2015-12-16
61.05,2015-12-17
60.7,2015-12-18
60.6,2015-12-21
60.8,2015-12-22
60.9,2015-12-23
61.2,2015-12-24
61.55,2015-12-25
61.45,2015-12-28
60.95,2015-12-29
60.55,2015-12-30
60.75,2015-12-31
59.55,2016-01-04
59,2016-01-05
58.4,2016-01-06
57.3,2016-01-07
57.45,2016-01-08
56.55,2016-01-11
56.5,2016-01-12
57.1,2016-01-13
56.65,2016-01-14
56.65,2016-01-15
57.05,2016-01-18
57.2,2016-01-19
55.85,2016-01-20
55.8,2016-01-21
56.55,2016-01-22
57.55,2016-01-25
57,2016-01-26
57.25,2016-01-27
57.5,2016-01-28
58.95,2016-01-29
59.55,2016-01-30
59.5,2016-02-01
59.35,2016-02-02
58.9,2016-02-03
58.95,2016-02-15
60.2,2016-02-16
59.95,2016-02-17
60.85,2016-02-18
60.85,2016-02-19
60.8,2016-02-22
60.8,2016-02-23
60.3,2016-02-24
61.1,2016-02-25
61.2,2016-02-26
61.85,2016-03-01
62.35,2016-03-02
62.9,2016-03-03
63.1,2016-03-04
63.1,2016-03-07
63.05,2016-03-08
63.05,2016-03-09
63.2,2016-03-10
63.55,2016-03-11
64,2016-03-14
63,2016-03-15
63.6,2016-03-16
64.25,2016-03-17
64.7,2016-03-18
64.6,2016-03-21
64.4,2016-03-22
64.35,2016-03-23
64.3,2016-03-24
64.05,2016-03-25
64.1,2016-03-28
63.65,2016-03-29
64.65,2016-03-30
64.65,2016-03-31
63.9,2016-04-01
62.35,2016-04-06
62.15,2016-04-07
62.75,2016-04-08
63,2016-04-11
62.95,2016-04-12
64,2016-04-13
64.2,2016-04-14
64.2,2016-04-15
63.85,2016-04-18
63.6,2016-04-19
62.6,2016-04-20
62.95,2016-04-21
63.15,2016-04-22
63.2,2016-04-25
63.5,2016-04-26
63.4,2016-04-27
62.35,2016-04-28
61.6,2016-04-29
60.75,2016-05-03
60.1,2016-05-04
60.15,2016-05-05
59.65,2016-05-06
59.7,2016-05-09
59.95,2016-05-10
59.8,2016-05-11
59.8,2016-05-12
59.15,2016-05-13
59.55,2016-05-16
60,2016-05-17
59.9,2016-05-18
59.6,2016-05-19
60,2016-05-20
61.95,2016-05-23
61.3,2016-05-24
62,2016-05-25
62.15,2016-05-26
62.6,2016-05-27
63.15,2016-05-30
63.1,2016-05-31
63.7,2016-06-01
63.65,2016-06-02
63.8,2016-06-03
63.9,2016-06-04
64.05,2016-06-06
64.75,2016-06-07
65.2,2016-06-08
63.7,2016-06-13
64.1,2016-06-14
64.25,2016-06-15
63.3,2016-06-16
64,2016-06-17
64.45,2016-06-20
64.75,2016-06-21
64.9,2016-06-22
64.75,2016-06-23
63.05,2016-06-24
63.75,2016-06-27
63.95,2016-06-28
64.7,2016-06-29
65.4,2016-06-30
66.2,2016-07-01
66.3,2016-07-04
66.1,2016-07-05
64.8,2016-07-06
65.6,2016-07-07
66.95,2016-07-11
67.5,2016-07-12
67.6,2016-07-13
67.7,2016-07-14
68.45,2016-07-15
69.1,2016-07-18
69.25,2016-07-19
69.1,2016-07-20
69.55,2016-07-21
69.3,2016-07-22
69,2016-07-25
69.35,2016-07-26
69.7,2016-07-27
69.05,2016-07-28
68.5,2016-07-29
69.25,2016-08-01
69.3,2016-08-02
68.7,2016-08-03
68.9,2016-08-04
69.6,2016-08-05
70.05,2016-08-08
70.35,2016-08-09
70.6,2016-08-10
69.95,2016-08-11
70.2,2016-08-12
70.3,2016-08-15
69.95,2016-08-16
69.9,2016-08-18
69.2,2016-08-19
68.7,2016-08-22
69.4,2016-08-23
69.2,2016-08-24
69.95,2016-08-25
70.1,2016-08-26
70,2016-08-29
70,2016-08-30
69.4,2016-08-31
69,2016-09-01
69.15,2016-09-02
70.2,2016-09-05
70.8,2016-09-06
71.8,2016-09-07
71.55,2016-09-08
70.4,2016-09-09
69.4,2016-09-10
68.8,2016-09-12
68.8,2016-09-13
68.45,2016-09-14
71,2016-09-19
70.85,2016-09-20
71.2,2016-09-21
71.4,2016-09-22
71.9,2016-09-23
70.95,2016-09-26
71.9,2016-09-29
70.95,2016-09-30
71.4,2016-10-03
71.75,2016-10-04
71.5,2016-10-05
71.65,2016-10-06
71.65,2016-10-07
71.45,2016-10-11
72.25,2016-10-12
71.7,2016-10-13
71.45,2016-10-14
71.4,2016-10-17
71.9,2016-10-18
72.35,2016-10-19
72.65,2016-10-20
72.6,2016-10-21
72.65,2016-10-24
73.35,2016-10-25
73,2016-10-26
72.55,2016-10-27
72.6,2016-10-28
72.6,2016-10-31
72.5,2016-11-01
71.7,2016-11-02
71.2,2016-11-03
70.95,2016-11-04
71.95,2016-11-07
72.3,2016-11-08
70,2016-11-09
71.95,2016-11-10
70,2016-11-11
70.05,2016-11-14
69.85,2016-11-15
70,2016-11-16
70.15,2016-11-17
70.35,2016-11-18
70.45,2016-11-21
71.45,2016-11-22
71.75,2016-11-23
71.35,2016-11-24
71.35,2016-11-25
71.75,2016-11-28
71.65,2016-11-29
71.6,2016-11-30
71.95,2016-12-01
71.1,2016-12-02
71.05,2016-12-05
71.95,2016-12-06
72,2016-12-07
72.9,2016-12-08
73.15,2016-12-09
72.85,2016-12-12
72.95,2016-12-13
73.05,2016-12-14
72.95,2016-12-15
72.25,2016-12-16
71.85,2016-12-19
71.75,2016-12-20
71.65,2016-12-21
70.8,2016-12-22
70.5,2016-12-23
70.75,2016-12-26
70.75,2016-12-27
71.55,2016-12-28
71.25,2016-12-29
71.7,2016-12-30
71.9,2017-01-03
71.85,2017-01-04
72.45,2017-01-05
72.6,2017-01-06
72.45,2017-01-09
72.4,2017-01-10
72.4,2017-01-11
73.1,2017-01-12
72.6,2017-01-13
71.95,2017-01-16
72.3,2017-01-17
72.1,2017-01-18
71.95,2017-01-19
72.15,2017-01-20
72.75,2017-01-23
73.25,2017-01-24
72.85,2017-02-02
72.85,2017-02-03
73.25,2017-02-06
73.3,2017-02-07
71.75,2017-02-08
72,2017-02-09
72.8,2017-02-10
72.95,2017-02-13
73.2,2017-02-14
73.85,2017-02-15
73.45,2017-02-16
73.35,2017-02-17
73.5,2017-02-18
73.1,2017-02-20
73.2,2017-02-21
73.25,2017-02-22
73.1,2017-02-23
73.15,2017-02-24
72.35,2017-03-01
72.55,2017-03-02
72.05,2017-03-03
72.15,2017-03-06
72.45,2017-03-07
72.8,2017-03-08
72.05,2017-03-09
71.95,2017-03-10
72.45,2017-03-13
72.9,2017-03-14
72.8,2017-03-15
73.75,2017-03-16
73.95,2017-03-17
73.95,2017-03-20
74.9,2017-03-21
74.2,2017-03-22
74.35,2017-03-23
74.25,2017-03-24
74.2,2017-03-27
74.25,2017-03-28
74,2017-03-29
73.9,2017-03-30
73.7,2017-03-31
74.65,2017-04-05
74.35,2017-04-06
74.1,2017-04-07
74.1,2017-04-10
73.9,2017-04-11
74,2017-04-12
74.4,2017-04-13
73.5,2017-04-14
73.6,2017-04-17
73.55,2017-04-18
72.8,2017-04-19
72.75,2017-04-20
73.45,2017-04-21
73.6,2017-04-24
74.3,2017-04-25
74.55,2017-04-26
74.4,2017-04-27
74.55,2017-04-28
75.2,2017-05-02
75.5,2017-05-03
75.6,2017-05-04
75.1,2017-05-05
75.65,2017-05-08
75.95,2017-05-09
76.2,2017-05-10
76.4,2017-05-11
76.2,2017-05-12
76.45,2017-05-15
76.45,2017-05-16
76.25,2017-05-17
75.8,2017-05-18
75.8,2017-05-19
76.05,2017-05-22
76.35,2017-05-23
76.25,2017-05-24
77.00,2017-05-25
76.95,2017-05-26
76.45,2017-05-31
76.80,2017-06-01
77.20,2017-06-02
77.35,2017-06-03
78.00,2017-06-05
77.90,2017-06-06
77.90,2017-06-07
78.15,2017-06-08
77.95,2017-06-09
77.15,2017-06-12
77.20,2017-06-13
76.80,2017-06-14
76.85,2017-06-15
77.60,2017-06-16
78.45,2017-06-19
79.45,2017-06-20
79.55,2017-06-21
79.75,2017-06-22
79.70,2017-06-23
81.40,2017-06-26
81.20,2017-06-27
80.50,2017-06-28
80.60,2017-06-29
80.35,2017-06-30
80.45,2017-07-03
80.00,2017-07-04
80.75,2017-07-05
80.35,2017-07-06
79.95,2017-07-07
80.30,2017-07-10
81.50,2017-07-11
81.50,2017-07-12
82.20,2017-07-13
82.00,2017-07-14
82.20,2017-07-17
82.35,2017-07-18
82.65,2017-07-19
82.60,2017-07-20
82.10,2017-07-21
82.25,2017-07-24
82.45,2017-07-25
82.15,2017-07-26
82.95,2017-07-27
82.10,2017-07-28
81.35,2017-07-31
81.75,2017-08-01
82.50,2017-08-02
82.15,2017-08-03
82.30,2017-08-04
82.90,2017-08-07
82.85,2017-08-08
82.10,2017-08-09
81.55,2017-08-10
81.25,2017-08-11
80.75,2017-08-14
81.25,2017-08-15
80.95,2017-08-16
81.60,2017-08-17
81.10,2017-08-18
81.05,2017-08-21
81.80,2017-08-22
81.75,2017-08-23
82.50,2017-08-24
82.70,2017-08-25
82.50,2017-08-28
82.30,2017-08-29
82.70,2017-08-30
82.95,2017-08-31
83.00,2017-09-01
82.85,2017-09-04
82.90,2017-09-05
82.60,2017-09-06
82.25,2017-09-07
82.70,2017-09-08
82.55,2017-09-11
82.80,2017-09-12
82.30,2017-09-13
82.35,2017-09-14
82.35,2017-09-15
83.10,2017-09-18
82.70,2017-09-19
82.20,2017-09-20
82.65,2017-09-21
81.60,2017-09-22
80.90,2017-09-25
80.25,2017-09-26
80.70,2017-09-27
80.35,2017-09-28
80.60,2017-09-29
81.15,2017-09-30
81.50,2017-10-02
81.50,2017-10-03
81.85,2017-10-05
82.05,2017-10-06
83.35,2017-10-11
84.20,2017-10-12
84.00,2017-10-13
84.45,2017-10-16
84.25,2017-10-17
84.60,2017-10-18
84.90,2017-10-19
84.55,2017-10-20
84.50,2017-10-23
84.35,2017-10-24
84.35,2017-10-25
84.25,2017-10-26
84.30,2017-10-27
84.90,2017-10-30
85.15,2017-10-31
85.10,2017-11-01
84.80,2017-11-02
84.70,2017-11-03
84.75,2017-11-06
85.20,2017-11-07
84.95,2017-11-08
84.35,2017-11-09
84.50,2017-11-10
84.25,2017-11-13
84.10,2017-11-14
83.30,2017-11-15
83.55,2017-11-16
84.35,2017-11-17
83.95,2017-11-20
84.75,2017-11-21
85.15,2017-11-22
85.20,2017-11-23
85.15,2017-11-24
84.15,2017-11-27
83.55,2017-11-28
83.70,2017-11-29
82.20,2017-11-30
82.55,2017-12-01
82.90,2017-12-04
82.20,2017-12-05
80.80,2017-12-06
80.85,2017-12-07
80.85,2017-12-08
81.45,2017-12-11
80.95,2017-12-12
80.95,2017-12-13
81.75,2017-12-14
81.10,2017-12-15
81.15,2017-12-18
80.75,2017-12-19
81.00,2017-12-20
81.00,2017-12-21
81.25,2017-12-22
81.40,2017-12-25
80.60,2017-12-26
80.90,2017-12-27
81.70,2017-12-28
82.10,2017-12-29
82.55,2018-01-02
83.35,2018-01-03
83.45,2018-01-04
83.75,2018-01-05
84.05,2018-01-08
84.10,2018-01-09
83.70,2018-01-10
83.35,2018-01-11
84.05,2018-01-12
84.65,2018-01-15
84.95,2018-01-16
85.15,2018-01-17
86.30,2018-01-18
87.10,2018-01-19
87.90,2018-01-22
88.25,2018-01-23
87.15,2018-01-24
87.40,2018-01-25
87.45,2018-01-26
85.55,2018-01-29
84.55,2018-01-30
84.60,2018-01-31
85.25,2018-02-01
84.90,2018-02-02
83.55,2018-02-05
79.60,2018-02-06
80.65,2018-02-07
80.55,2018-02-08
79.00,2018-02-09
79.65,2018-02-12
81.50,2018-02-21
80.95,2018-02-22
81.95,2018-02-23
82.35,2018-02-26
82.30,2018-02-27
81.70,2018-03-01
81.10,2018-03-02
80.70,2018-03-05
81.75,2018-03-07
82.70,2018-03-08
82.85,2018-03-09
84.15,2018-03-12
84.90,2018-03-13
84.25,2018-03-14
84.20,2018-03-15
83.85,2018-03-16
83.80,2018-03-19
83.75,2018-03-20
83.80,2018-03-21
83.55,2018-03-22
82.05,2018-03-23
82.15,2018-03-26
83.35,2018-03-27
82.20,2018-03-28
82.05,2018-03-29
82.85,2018-03-30
82.80,2018-03-31
82.20,2018-04-02
81.50,2018-04-03
82.20,2018-04-09
82.50,2018-04-10
82.80,2018-04-11
82.45,2018-04-12
82.50,2018-04-13
82.30,2018-04-16
81.40,2018-04-17
81.55,2018-04-18
80.75,2018-04-20
79.90,2018-04-23
79.55,2018-04-24
79.25,2018-04-25
79.05,2018-04-26
79.15,2018-04-27
79.95,2018-04-30
79.40,2018-05-02
78.50,2018-05-03
78.90,2018-05-04
79.45,2018-05-07
79.95,2018-05-08
80.40,2018-05-09
80.60,2018-05-10
81.60,2018-05-11
81.60,2018-05-15
81.70,2018-05-16
81.20,2018-05-17
82.00,2018-05-21
81.75,2018-05-22
81.35,2018-05-23
81.55,2018-05-24
81.85,2018-05-25
82.15,2018-05-28
81.80,2018-05-29
80.40,2018-05-30
80.75,2018-05-31
81.30,2018-06-01
82.60,2018-06-04
83.25,2018-06-06
83.45,2018-06-07
82.55,2018-06-08
82.65,2018-06-11
82.45,2018-06-12
81.70,2018-06-14
81.95,2018-06-15
80.55,2018-06-19
81.45,2018-06-20
81.20,2018-06-21
81.10,2018-06-22
80.85,2018-06-25
80.65,2018-06-26
80.40,2018-06-27
80.05,2018-06-28
81.45,2018-06-29
81.05,2018-07-02
81.10,2018-07-03
81.35,2018-07-04
80.70,2018-07-05
80.95,2018-07-06
82.20,2018-07-09
82.45,2018-07-10
81.65,2018-07-11
82.60,2018-07-12
83.35,2018-07-13
83.00,2018-07-16
82.55,2018-07-17
83.05,2018-07-18
83.30,2018-07-19
84.60,2018-07-20
84.55,2018-07-23
84.65,2018-07-24
84.70,2018-07-25
85.00,2018-07-26
85.65,2018-07-27
85.50,2018-07-30
85.50,2018-07-31
86.10,2018-08-01
84.85,2018-08-02
85.50,2018-08-03
85.70,2018-08-06
85.45,2018-08-07
86.15,2018-08-08
86.10,2018-08-09
85.65,2018-08-10
84.50,2018-08-14
83.70,2018-08-15
83.60,2018-08-17
83.90,2018-08-20
84.60,2018-08-22
85.05,2018-08-23
84.80,2018-08-24
85.50,2018-08-27
86.20,2018-08-28
87.20,2018-08-29
87.50,2018-08-30
86.90,2018-08-31
86.45,2018-09-03
87.00,2018-09-04
86.95,2018-09-05
86.50,2018-09-06
86.35,2018-09-07
85.95,2018-09-10
85.60,2018-09-11
85.50,2018-09-12
84.90,2018-09-13
86.45,2018-09-14
85.80,2018-09-17
85.35,2018-09-18
86.10,2018-09-19
85.90,2018-09-20
86.80,2018-09-21
87.05,2018-09-25
86.90,2018-09-26
87.30,2018-09-27
86.90,2018-09-28
87.35,2018-10-01
86.00,2018-10-02
85.95,2018-10-03
84.85,2018-10-04
83.40,2018-10-05
83.00,2018-10-08
83.20,2018-10-09
77.40,2018-10-11
80.05,2018-10-12
70.00,2016-08-17
82.10,2018-03-06
82.60,2018-04-19
82.50,2018-05-14
80.90,2018-05-18
82.50,2018-06-05
83.00,2018-06-13
83.90,2018-08-13
83.75,2018-08-16
84.50,2018-08-21
79.15,2018-10-15
79.30,2018-10-16
79.35,2018-10-17
79.10,2018-10-18
79.25,2018-10-19
79.15,2018-10-22
77.70,2018-10-23
77.40,2018-10-24
75.50,2018-10-25
75.35,2018-10-26
75.75,2018-10-29
75.95,2018-10-30
77.55,2018-10-31
78.35,2018-11-01
78.65,2018-11-02
78.25,2018-11-05
77.95,2018-11-06
78.35,2018-11-07
78.80,2018-11-08
77.80,2018-11-09
78.00,2018-11-12
77.10,2018-11-13
77.30,2018-11-14
77.55,2018-11-15
76.90,2018-11-16
76.70,2018-11-19
76.00,2018-11-20
75.95,2018-11-21
75.60,2018-11-22
75.30,2018-11-23
76.15,2018-11-26
76.00,2018-11-27
76.90,2018-11-28
77.00,2018-11-29
76.70,2018-11-30
78.80,2018-12-03
78.25,2018-12-04
76.65,2018-12-05
75.10,2018-12-06
75.45,2018-12-07
74.45,2018-12-10
75.00,2018-12-11
76.15,2018-12-12
76.25,2018-12-13
75.35,2018-12-14
75.90,2018-12-17
75.85,2018-12-19
75.05,2018-12-20
75.15,2018-12-21
74.80,2018-12-22
74.65,2018-12-24
73.75,2018-12-25
73.55,2018-12-26
75.00,2018-12-27
75.50,2018-12-28
74.05,2019-01-02
73.35,2019-01-03
72.15,2019-01-04
73.90,2019-01-07
73.65,2019-01-08
74.95,2019-01-09
74.80,2019-01-10
75.50,2019-01-11
74.95,2019-01-14
75.60,2019-01-15
75.95,2019-01-18
76.50,2019-01-21
74.00,2019-01-22
73.70,2019-01-23
74.00,2019-01-24
74.95,2019-01-25
75.10,2019-01-28
74.45,2019-01-29
74.35,2019-01-30
75.10,2019-02-11
75.65,2019-02-12
75.50,2019-02-13
75.25,2019-02-14
75.00,2019-02-15
75.65,2019-02-18
75.50,2019-02-19
76.35,2019-02-20
77.05,2019-02-21
76.95,2019-02-22
77.50,2019-02-25
77.65,2019-02-26
77.65,2019-02-27
76.95,2019-03-04
76.70,2019-03-05
76.90,2019-03-06
76.65,2019-03-07
75.95,2019-03-08
76.10,2019-03-11
77.20,2019-03-12
77.10,2019-03-13
77.05,2019-03-14
77.55,2019-03-15
78.05,2019-03-18
78.35,2019-03-19
78.45,2019-03-20
79.10,2019-03-21
79.35,2019-03-22
78.15,2019-03-25
78.60,2019-03-26
78.50,2019-03-27
78.50,2019-03-28
79.15,2019-03-29
79.80,2019-04-01
80.15,2019-04-02
80.10,2019-04-03
80.90,2019-04-08
81.40,2019-04-09
81.50,2019-04-10
81.10,2019-04-11
81.10,2019-04-12
81.85,2019-04-15
82.10,2019-04-16
82.75,2019-04-17
82.70,2019-04-18
82.65,2019-04-22
83.05,2019-04-23
83.15,2019-04-24
83.40,2019-04-25
82.40,2019-04-26
82.80,2019-04-29
82.80,2019-04-30
82.95,2019-05-02
83.75,2019-05-03
82.25,2019-05-06
83.10,2019-05-07
82.50,2019-05-08
81.50,2019-05-09
81.45,2019-05-10
80.15,2019-05-13
79.65,2019-05-14
79.70,2019-05-15
79.00,2019-05-16
78.20,2019-05-17
78.15,2019-05-20
78.35,2019-05-21
78.40,2019-05-22
76.90,2019-05-23
77.30,2019-05-24
77.10,2019-05-27
77.05,2019-05-28
76.75,2019-05-29
77.35,2019-05-30
78.40,2019-05-31
78.55,2019-06-03
78.05,2019-06-04
78.25,2019-06-05
77.65,2019-06-06
79.00,2019-06-10
79.40,2019-06-11
79.65,2019-06-12
79.00,2019-06-13
78.85,2019-06-14
82.15,2019-07-10
82.75,2019-07-12
80.55,2019-08-12
81.50,2019-07-09
80.75,2019-06-25
83.00,2019-07-19
83.40,2019-07-22
80.10,2019-08-05
83.20,2019-07-15
82.45,2019-07-02
80.85,2019-06-21
83.40,2019-07-29
80.60,2019-08-08
82.25,2019-08-01
80.25,2019-08-14
82.80,2019-07-17
82.65,2019-07-01
80.90,2019-08-02
83.20,2019-07-30
78.70,2019-06-17
83.25,2019-07-26
80.80,2019-06-20
81.45,2019-07-03
83.60,2019-07-23
82.80,2019-07-31
81.60,2019-07-08
82.85,2019-07-11
78.85,2019-06-18
83.75,2019-07-25
80.35,2019-06-26
81.45,2019-06-27
82.00,2019-07-04
81.90,2019-07-05
80.05,2019-08-06
79.70,2019-08-07
81.15,2019-06-24
82.70,2019-07-18
80.75,2019-06-19
79.70,2019-08-13
83.55,2019-07-24
83.35,2019-07-16
80.90,2019-06-28
79.40,2019-08-15
80.30,2019-08-16
80.75,2019-08-19
81.00,2019-08-20
81.10,2019-08-21
80.85,2019-08-22
80.95,2019-08-23
79.65,2019-08-26
79.80,2019-08-27
80.35,2019-08-28
80.50,2019-08-29
81.80,2019-08-30
81.90,2019-09-02
81.20,2019-09-03
82.15,2019-09-04
83.00,2019-09-05
83.45,2019-09-06
83.75,2019-09-09
83.35,2019-09-10
83.45,2019-09-11
83.90,2019-09-12
84.40,2019-09-16
84.25,2019-09-17
84.90,2019-09-18
84.45,2019-09-19
84.70,2019-09-20
84.50,2019-09-23
84.65,2019-09-24
84.05,2019-09-25
84.30,2019-09-26
84.55,2019-09-27
85.95,2019-10-01
85.60,2019-10-02
84.80,2019-10-03
85.15,2019-10-04
85.40,2019-10-07
86.50,2019-10-08
85.75,2019-10-09
87.50,2019-10-14
87.65,2019-10-15
88.05,2019-10-16
88.10,2019-10-17
87.95,2019-10-18
87.85,2019-10-21
88.45,2019-10-23
88.70,2019-10-22
88.75,2019-10-24
88.80,2019-10-25
89.15,2019-10-28
89.45,2019-10-29
89.80,2019-10-30
90.10,2019-10-31
90.10,2019-11-01
92.20,2019-11-04
92.85,2019-11-05
93.30,2019-11-06
92.80,2019-11-07
92.50,2019-11-08
91.15,2019-11-11
91.95,2019-11-12
91.40,2019-11-13
91.40,2019-11-14
92.25,2019-11-15
92.85,2019-11-18
93.55,2019-11-19
93.20,2019-11-20
92.50,2019-11-21
92.55,2019-11-22
92.55,2019-11-25
92.80,2019-11-26
93.20,2019-11-27
92.90,2019-11-28
91.50,2019-11-29
92.00,2019-12-02
92.00,2019-12-03
91.70,2019-12-04
92.85,2019-12-05
92.95,2019-12-06
93.60,2019-12-09
93.00,2019-12-10
93.75,2019-12-11
95.80,2019-12-12
96.90,2019-12-13
96.80,2019-12-16
98.15,2019-12-17
98.20,2019-12-18
97.60,2019-12-19
96.90,2019-12-20
97.10,2019-12-23
97.15,2019-12-24
97.35,2019-12-25
97.30,2019-12-26
97.95,2019-12-27
97.70,2019-12-30
96.90,2019-12-31
97.65,2020-01-02
97.65,2020-01-03
96.40,2020-01-06
96.10,2020-01-07
95.60,2020-01-08
96.95,2020-01-09
97.30,2020-01-10
98.00,2020-01-13
98.60,2020-01-14
97.60,2020-01-15
97.30,2020-01-16
