,75.85
2004-02-11,48.50
2004-02-12,48.50
2004-02-13,48.61
2004-02-16,49.46
2004-02-17,49.21
2004-02-18,49.55
2004-02-19,49.57
2004-02-20,50.00
2004-02-23,49.95
2004-02-24,49.20
2004-02-25,49.40
2004-02-26,49.75
2004-02-27,50.00
2004-03-01,50.80
2004-03-02,52.10
2004-03-03,52.80
2004-03-04,53.00
2004-03-05,53.50
2004-03-08,52.60
2004-03-09,51.60
2004-03-10,51.95
2004-03-11,50.95
2004-03-12,50.80
2004-03-15,51.00
2004-03-16,49.32
2004-03-17,49.70
2004-03-18,49.70
2004-03-19,50.70
2004-03-22,47.43
2004-03-23,44.50
2004-03-24,47.30
2004-03-25,46.95
2004-03-26,47.24
2004-03-29,48.70
2004-03-30,49.10
2004-03-31,49.50
2004-04-01,49.30
2004-04-02,49.00
2004-04-05,49.50
2004-04-06,50.20
2004-04-07,49.93
2004-04-08,49.90
2004-04-09,49.90
2004-04-12,50.05
2004-04-13,50.95
2004-04-14,50.35
2004-04-15,51.40
2004-04-16,50.40
2004-04-19,51.20
2004-04-20,51.50
2004-04-21,50.80
2004-04-22,51.40
2004-04-23,50.70
2004-04-26,50.80
2004-04-27,50.90
2004-04-28,50.40
2004-04-29,49.58
2004-04-30,48.35
2004-05-03,47.10
2004-05-04,46.30
2004-05-05,47.10
2004-05-06,45.50
2004-05-07,45.00
2004-05-10,45.15
2004-05-11,44.60
2004-05-12,45.37
2004-05-13,45.30
2004-05-14,45.30
2004-05-17,43.51
2004-05-18,41.10
2004-05-19,43.40
2004-05-20,44.20
2004-05-21,44.50
2004-05-24,45.00
2004-05-25,45.00
2004-05-26,46.49
2004-05-27,46.00
2004-05-28,46.15
2004-05-31,46.30
2004-06-01,45.20
2004-06-02,44.80
2004-06-03,44.80
2004-06-04,43.50
2004-06-07,44.00
2004-06-08,45.90
2004-06-09,45.60
2004-06-10,45.10
2004-06-11,44.50
2004-06-14,43.44
2004-06-15,42.20
2004-06-16,43.50
2004-06-17,42.35
2004-06-18,43.29
2004-06-21,43.70
2004-06-23,42.91
2004-06-24,44.02
2004-06-25,44.30
2004-06-28,44.40
2004-06-29,43.52
2004-06-30,44.10
2004-07-01,44.90
2004-07-02,43.96
2004-07-05,43.60
2004-07-06,43.40
2004-07-07,43.30
2004-07-08,43.90
2004-07-09,43.85
2004-07-12,44.49
2004-07-13,43.90
2004-07-14,43.75
2004-07-15,43.30
2004-07-16,42.41
2004-07-19,42.30
2004-07-20,42.36
2004-07-21,42.00
2004-07-22,41.50
2004-07-23,41.60
2004-07-26,41.20
2004-07-27,41.19
2004-07-28,42.20
2004-07-29,41.61
2004-07-30,41.70
2004-08-02,41.69
2004-08-03,41.75
2004-08-04,41.50
2004-08-05,41.50
2004-08-06,42.40
2004-08-09,41.85
2004-08-10,42.20
2004-08-11,42.30
2004-08-12,41.82
2004-08-13,41.71
2004-08-16,41.82
2004-08-17,41.90
2004-08-18,41.74
2004-08-19,43.00
2004-08-20,44.20
2004-08-23,44.31
2004-08-26,45.00
2004-08-27,45.86
2004-08-30,45.60
2004-08-31,45.40
2004-09-01,45.30
2004-09-02,45.80
2004-09-03,45.60
2004-09-06,44.70
2004-09-07,44.93
2004-09-08,45.51
2004-09-09,45.41
2004-09-10,45.49
2004-09-13,46.01
2004-09-14,46.31
2004-09-15,46.15
2004-09-16,45.50
2004-09-17,45.77
2004-09-20,45.43
2004-09-21,46.82
2004-09-22,46.32
2004-09-23,46.00
2004-09-24,46.08
2004-09-27,45.40
2004-09-29,45.30
2004-09-30,45.70
2004-10-01,45.71
2004-10-04,47.05
2004-10-05,47.31
2004-10-06,47.42
2004-10-07,47.43
2004-10-08,47.40
2004-10-11,47.03
2004-10-12,46.90
2004-10-13,46.28
2004-10-14,45.54
2004-10-15,45.50
2004-10-18,45.20
2004-10-19,45.13
2004-10-20,45.10
2004-10-21,45.05
2004-10-22,45.19
2004-10-26,44.58
2004-10-27,44.22
2004-10-28,44.50
2004-10-29,44.60
2004-11-01,44.75
2004-11-02,44.31
2004-11-03,45.20
2004-11-04,46.00
2004-11-05,47.00
2004-11-08,46.92
2004-11-09,46.85
2004-11-10,47.00
2004-11-11,46.85
2004-11-12,46.23
2004-11-15,46.97
2004-11-16,46.60
2004-11-17,46.80
2004-11-18,47.70
2004-11-19,47.65
2004-11-22,46.80
2004-11-23,45.80
2004-11-24,45.88
2004-11-25,46.35
2004-11-26,46.20
2004-11-29,45.45
2004-11-30,45.32
2004-12-01,45.41
2004-12-02,45.84
2004-12-03,46.23
2004-12-06,46.23
2004-12-07,46.60
2004-12-08,46.56
2004-12-09,46.70
2004-12-10,46.50
2004-12-13,46.60
2004-12-14,46.30
2004-12-15,46.53
2004-12-16,47.16
2004-12-17,47.23
2004-12-20,46.20
2004-12-21,46.81
2004-12-22,47.06
2004-12-23,47.20
2004-12-24,46.96
2004-12-27,47.25
2004-12-28,47.01
2004-12-29,47.53
2004-12-30,48.01
2004-12-31,48.10
2005-01-03,48.46
2005-01-04,48.08
2005-01-05,47.00
2005-01-06,46.87
2005-01-07,46.93
2005-01-10,46.58
2005-01-11,46.90
2005-01-12,46.70
2005-01-13,46.08
2005-01-14,45.66
2005-01-17,46.57
2005-01-18,46.76
2005-01-19,46.77
2005-01-20,46.10
2005-01-21,46.18
2005-01-24,45.98
2005-01-25,45.38
2005-01-26,45.60
2005-01-27,45.90
2005-01-28,45.89
2005-01-31,46.30
2005-02-01,47.10
2005-02-02,47.38
2005-02-03,47.61
2005-02-14,48.95
2005-02-15,48.51
2005-02-16,48.55
2005-02-17,48.35
2005-02-18,47.62
2005-02-21,48.03
2005-02-22,48.10
2005-02-23,47.48
2005-02-24,47.62
2005-02-25,48.25
2005-03-01,48.71
2005-03-02,48.85
2005-03-03,48.51
2005-03-04,48.36
2005-03-07,48.52
2005-03-08,48.48
2005-03-09,47.92
2005-03-10,48.10
2005-03-11,48.20
2005-03-14,47.80
2005-03-15,47.70
2005-03-16,47.00
2005-03-17,46.80
2005-03-18,46.86
2005-03-21,46.86
2005-03-22,46.85
2005-03-23,46.50
2005-03-24,46.50
2005-03-25,46.49
2005-03-28,46.99
2005-03-29,46.68
2005-03-30,46.16
2005-03-31,46.40
2005-04-01,46.65
2005-04-04,46.74
2005-04-06,46.70
2005-04-07,46.65
2005-04-08,46.68
2005-04-11,46.62
2005-04-12,46.41
2005-04-13,46.68
2005-04-14,46.52
2005-04-15,46.30
2005-04-18,45.42
2005-04-19,44.68
2005-04-20,45.10
2005-04-21,44.21
2005-04-22,44.99
2005-04-25,44.85
2005-04-26,45.11
2005-04-27,45.31
2005-04-28,45.35
2005-04-29,45.52
2005-05-03,46.00
2005-05-04,45.89
2005-05-05,46.09
2005-05-06,46.89
2005-05-09,46.81
2005-05-10,47.00
2005-05-11,46.80
2005-05-12,46.79
2005-05-13,46.85
2005-05-16,47.30
2005-05-17,47.00
2005-05-18,46.48
2005-05-19,45.63
2005-05-20,45.47
2005-05-23,45.25
2005-05-24,44.70
2005-05-25,44.98
2005-05-26,44.78
2005-05-27,45.36
2005-05-30,45.45
2005-05-31,45.35
2005-06-01,45.40
2005-06-02,45.20
2005-06-03,45.51
2005-06-06,45.80
2005-06-07,45.94
2005-06-08,45.90
2005-06-09,46.07
2005-06-10,46.20
2005-06-13,46.45
2005-06-14,46.95
2005-06-15,47.00
2005-06-16,47.12
2005-06-17,47.50
2005-06-20,47.90
2005-06-21,47.61
2005-06-22,47.63
2005-06-23,48.28
2005-06-24,48.02
2005-06-27,47.55
2005-06-28,47.62
2005-06-29,48.18
2005-06-30,47.48
2005-07-01,47.30
2005-07-04,47.58
2005-07-05,47.30
2005-07-06,47.05
2005-07-07,47.00
2005-07-08,46.90
2005-07-11,47.38
2005-07-12,48.02
2005-07-13,48.21
2005-07-14,48.61
2005-07-15,48.94
2005-07-19,48.89
2005-07-20,48.91
2005-07-21,49.04
2005-07-22,48.78
2005-07-25,48.81
2005-07-26,49.00
2005-07-27,48.30
2005-07-28,48.40
2005-07-29,48.88
2005-08-01,48.10
2005-08-02,48.33
2005-08-03,49.14
2005-08-04,49.75
2005-08-08,49.31
2005-08-09,49.14
2005-08-10,49.12
2005-08-11,48.98
2005-08-12,49.10
2005-08-15,48.94
2005-08-16,47.92
2005-08-17,47.90
2005-08-18,48.25
2005-08-19,47.98
2005-08-22,47.60
2005-08-23,47.95
2005-08-24,47.87
2005-08-25,47.30
2005-08-26,47.60
2005-08-29,47.55
2005-08-30,46.98
2005-08-31,46.80
2005-09-02,47.34
2005-09-05,47.39
2005-09-06,47.47
2005-09-07,47.88
2005-09-08,47.69
2005-09-09,47.65
2005-09-12,47.52
2005-09-13,47.78
2005-09-14,47.90
2005-09-15,47.69
2005-09-16,47.53
2005-09-19,47.13
2005-09-20,47.19
2005-09-21,47.68
2005-09-22,47.11
2005-09-23,46.37
2005-09-26,46.20
2005-09-27,46.09
2005-09-28,46.25
2005-09-29,46.24
2005-09-30,46.94
2005-10-03,47.60
2005-10-04,47.75
2005-10-05,47.82
2005-10-06,47.50
2005-10-07,47.30
2005-10-11,47.40
2005-10-12,47.26
2005-10-13,46.40
2005-10-14,46.49
2005-10-17,46.50
2005-10-18,45.50
2005-10-19,45.20
2005-10-20,44.38
2005-10-21,44.35
2005-10-24,44.73
2005-10-25,45.20
2005-10-26,44.80
2005-10-27,44.57
2005-10-28,44.56
2005-10-31,44.70
2005-11-01,45.60
2005-11-02,45.52
2005-11-03,46.10
2005-11-04,46.40
2005-11-07,46.40
2005-11-08,46.32
2005-11-09,46.33
2005-11-10,47.25
2005-11-11,47.80
2005-11-14,47.93
2005-11-15,48.04
2005-11-16,47.60
2005-11-17,47.80
2005-11-18,47.80
2005-11-21,48.25
2005-11-22,48.10
2005-11-23,47.85
2005-11-24,48.28
2005-11-25,48.10
2005-11-28,48.33
2005-11-29,48.99
2005-11-30,48.52
2005-12-01,48.79
2005-12-02,49.14
2005-12-05,49.51
2005-12-06,50.15
2005-12-07,50.25
2005-12-08,49.90
2005-12-09,49.00
2005-12-12,49.29
2005-12-13,48.95
2005-12-14,49.12
2005-12-15,48.81
2005-12-16,49.03
2005-12-19,49.81
2005-12-20,50.30
2005-12-21,50.30
2005-12-22,50.60
2005-12-23,50.30
2005-12-26,51.15
2005-12-27,51.15
2005-12-28,51.00
2005-12-29,51.00
2005-12-30,51.25
2006-01-02,50.75
2006-01-03,50.45
2006-01-04,51.95
2006-01-05,52.05
2006-01-06,52.45
2006-01-09,52.80
2006-01-10,52.95
2006-01-11,52.20
2006-01-12,52.70
2006-01-13,52.80
2006-01-16,52.35
2006-01-17,52.85
2006-01-18,52.00
2006-01-19,51.05
2006-01-20,51.45
2006-01-23,50.80
2006-01-24,50.60
2006-01-25,51.05
2006-02-03,51.80
2006-02-06,51.55
2006-02-07,52.60
2006-02-08,52.60
2006-02-09,52.50
2006-02-10,52.30
2006-02-13,52.10
2006-02-14,51.75
2006-02-15,52.30
2006-02-16,52.15
2006-02-17,53.15
2006-02-20,52.50
2006-02-21,53.20
2006-02-22,52.80
2006-02-23,52.10
2006-02-24,51.70
2006-02-27,52.00
2006-03-01,52.35
2006-03-02,52.90
2006-03-03,52.80
2006-03-06,54.50
2006-03-07,52.20
2006-03-08,52.00
2006-03-09,51.65
2006-03-10,51.85
2006-03-13,52.00
2006-03-14,51.90
2006-03-15,51.50
2006-03-16,52.10
2006-03-17,51.90
2006-03-20,52.30
2006-03-21,52.00
2006-03-22,51.25
2006-03-23,50.70
2006-03-24,50.40
2006-03-27,50.90
2006-03-28,51.20
2006-03-29,51.20
2006-03-30,51.80
2006-03-31,52.30
2006-04-03,52.80
2006-04-04,53.10
2006-04-06,53.60
2006-04-07,53.90
2006-04-10,53.45
2006-04-11,53.85
2006-04-12,53.40
2006-04-13,54.10
2006-04-14,54.40
2006-04-17,55.15
2006-04-18,55.30
2006-04-19,55.50
2006-04-20,55.70
2006-04-21,56.30
2006-04-24,55.85
2006-04-25,56.30
2006-04-26,56.00
2006-04-27,56.90
2006-04-28,56.50
2006-05-02,56.80
2006-05-03,57.20
2006-05-04,57.40
2006-05-05,58.20
2006-05-08,58.60
2006-05-09,59.30
2006-05-10,58.50
2006-05-11,57.05
2006-05-12,57.30
2006-05-15,56.90
2006-05-16,56.10
2006-05-17,55.30
2006-05-18,54.65
2006-05-19,54.40
2006-05-22,55.10
2006-05-23,53.25
2006-05-24,53.30
2006-05-25,53.35
2006-05-26,53.80
2006-05-29,53.80
2006-05-30,53.50
2006-06-01,53.25
2006-06-02,53.60
2006-06-05,54.30
2006-06-06,52.25
2006-06-07,52.60
2006-06-08,51.50
2006-06-09,50.00
2006-06-12,50.35
2006-06-13,50.20
2006-06-14,49.65
2006-06-15,51.45
2006-06-16,51.95
2006-06-19,51.90
2006-06-20,51.80
2006-06-21,50.40
2006-06-22,50.95
2006-06-23,51.30
2006-06-26,51.45
2006-06-27,51.75
2006-06-28,51.35
2006-06-29,51.75
2006-06-30,53.15
2006-07-03,53.20
2006-07-04,53.15
2006-07-05,53.05
2006-07-06,52.50
2006-07-07,52.40
2006-07-10,52.00
2006-07-11,52.90
2006-07-12,52.85
2006-07-13,52.10
2006-07-14,51.30
2006-07-17,50.55
2006-07-18,49.80
2006-07-19,49.98
2006-07-20,50.90
2006-07-21,50.80
2006-07-24,50.20
2006-07-25,51.20
2006-07-26,50.80
2006-07-27,51.00
2006-07-28,51.50
2006-07-31,52.00
2006-08-01,51.50
2006-08-02,51.45
2006-08-03,52.05
2006-08-04,51.95
2006-08-07,51.35
2006-08-08,51.45
2006-08-09,52.20
2006-08-10,52.95
2006-08-11,53.30
2006-08-14,53.10
2006-08-15,53.45
2006-08-16,54.00
2006-08-17,54.65
2006-08-18,54.75
2006-08-21,54.50
2006-08-22,52.90
2006-08-23,53.30
2006-08-24,53.00
2006-08-25,53.55
2006-08-28,53.00
2006-08-29,52.80
2006-08-30,53.10
2006-08-31,54.15
2006-09-01,54.15
2006-09-04,54.80
2006-09-05,55.20
2006-09-06,54.80
2006-09-07,54.45
2006-09-08,54.55
2006-09-11,54.80
2006-09-12,54.50
2006-09-13,54.60
2006-09-14,55.00
2006-09-15,54.45
2006-09-18,56.10
2006-09-19,57.00
2006-09-20,56.75
2006-09-21,57.05
2006-09-22,56.40
2006-09-25,56.45
2006-09-26,57.00
2006-09-27,57.05
2006-09-28,57.10
2006-09-29,56.60
2006-10-02,56.45
2006-10-03,56.75
2006-10-04,56.95
2006-10-05,56.65
2006-10-11,57.20
2006-10-12,57.30
2006-10-13,57.50
2006-10-14,57.75
2006-10-16,57.75
2006-10-17,58.20
2006-10-18,57.30
2006-10-19,57.00
2006-10-20,56.90
2006-10-23,57.00
2006-10-24,57.35
2006-10-25,57.45
2006-10-26,53.55
2006-10-27,53.75
2006-10-30,53.40
2006-10-31,53.10
2006-11-01,53.30
2006-11-02,53.15
2006-11-03,53.50
2006-11-06,53.45
2006-11-07,54.40
2006-11-08,54.35
2006-11-09,54.20
2006-11-10,53.55
2006-11-13,53.95
2006-11-14,53.95
2006-11-15,54.35
2006-11-16,54.40
2006-11-17,54.50
2006-11-20,54.40
2006-11-21,54.10
2006-11-22,54.80
2006-11-23,55.15
2006-11-24,55.25
2006-11-27,55.90
2006-11-28,55.50
2006-11-29,55.65
2006-11-30,55.95
2006-12-01,56.40
2006-12-04,56.80
2006-12-05,57.10
2006-12-06,56.95
2006-12-07,57.35
2006-12-08,57.45
2006-12-11,56.50
2006-12-12,56.35
2006-12-13,55.00
2006-12-14,55.30
2006-12-15,55.90
2006-12-18,56.00
2006-12-19,56.65
2006-12-20,56.70
2006-12-21,56.50
2006-12-22,56.50
2006-12-25,56.50
2006-12-26,56.40
2006-12-27,57.10
2006-12-28,57.20
2006-12-29,57.15
2007-01-02,57.80
2007-01-03,58.55
2007-01-04,58.55
2007-01-05,58.50
2007-01-08,57.20
2007-01-09,57.05
2007-01-10,56.95
2007-01-11,57.10
2007-01-12,56.70
2007-01-15,57.60
2007-01-16,57.85
2007-01-17,57.50
2007-01-18,58.00
2007-01-19,58.00
2007-01-22,57.70
2007-01-23,57.65
2007-01-24,58.45
2007-01-25,58.80
2007-01-26,58.00
2007-01-29,57.70
2007-01-30,57.20
2007-01-31,57.15
2007-02-01,57.30
2007-02-02,57.05
2007-02-05,57.40
2007-02-06,57.35
2007-02-07,57.80
2007-02-08,58.05
2007-02-09,57.65
2007-02-12,57.65
2007-02-13,56.90
2007-02-14,56.95
2007-02-26,57.70
2007-02-27,58.05
2007-03-01,56.50
2007-03-02,55.55
2007-03-03,55.10
2007-03-05,54.75
2007-03-06,53.55
2007-03-07,54.35
2007-03-08,54.35
2007-03-09,55.00
2007-03-12,55.00
2007-03-13,55.35
2007-03-14,54.80
2007-03-15,55.10
2007-03-16,55.70
2007-03-19,56.00
2007-03-20,56.15
2007-03-21,56.25
2007-03-22,56.85
2007-03-23,56.80
2007-03-26,57.00
2007-03-27,57.10
2007-03-28,57.10
2007-03-29,55.80
2007-03-30,56.55
2007-04-02,56.75
2007-04-03,56.65
2007-04-04,57.40
2007-04-09,58.00
2007-04-10,58.10
2007-04-11,58.10
2007-04-12,58.30
2007-04-13,58.25
2007-04-14,57.60
2007-04-16,58.10
2007-04-17,58.25
2007-04-18,57.55
2007-04-19,57.20
2007-04-20,56.75
2007-04-23,57.55
2007-04-24,57.90
2007-04-25,57.80
2007-04-26,57.95
2007-04-27,57.70
2007-04-30,57.55
2007-05-02,56.90
2007-05-03,57.80
2007-05-04,58.75
2007-05-07,59.45
2007-05-08,59.25
2007-05-09,59.10
2007-05-10,59.25
2007-05-11,58.70
2007-05-14,58.90
2007-05-15,58.55
2007-05-16,58.05
2007-05-17,58.60
2007-05-18,58.55
2007-05-21,59.00
2007-05-22,59.40
2007-05-23,60.00
2007-05-24,60.00
2007-05-25,59.40
2007-05-28,59.50
2007-05-29,59.50
2007-05-30,60.10
2007-05-31,59.85
2007-06-01,59.75
2007-06-04,60.20
2007-06-05,60.50
2007-06-06,60.50
2007-06-07,60.20
2007-06-08,60.40
2007-06-11,60.80
2007-06-12,60.85
2007-06-13,60.95
2007-06-14,61.35
2007-06-15,62.30
2007-06-20,63.70
2007-06-21,65.00
2007-06-22,65.95
2007-06-23,64.60
2007-06-25,65.20
2007-06-26,66.05
2007-06-27,65.15
2007-06-28,65.65
2007-06-29,65.40
2007-07-02,65.00
2007-07-03,66.05
2007-07-04,66.65
2007-07-05,66.90
2007-07-06,67.15
2007-07-09,67.45
2007-07-10,69.00
2007-07-11,68.20
2007-07-12,68.20
2007-07-13,68.95
2007-07-16,68.80
2007-07-17,68.50
2007-07-18,68.05
2007-07-19,68.15
2007-07-20,68.35
2007-07-23,68.75
2007-07-24,68.80
2007-07-25,69.45
2007-07-26,69.85
2007-07-27,66.15
2007-07-30,64.45
2007-07-31,68.00
2007-08-01,65.80
2007-08-02,64.00
2007-08-03,65.00
2007-08-06,63.80
2007-08-07,65.30
2007-08-08,64.20
2007-08-09,65.90
2007-08-10,63.55
2007-08-13,64.00
2007-08-14,63.85
2007-08-15,63.50
2007-08-16,61.95
2007-08-17,59.60
2007-08-20,61.50
2007-08-21,62.35
2007-08-22,62.00
2007-08-23,64.00
2007-08-24,63.30
2007-08-27,64.00
2007-08-28,63.80
2007-08-29,62.60
2007-08-30,63.80
2007-08-31,64.15
2007-09-03,65.60
2007-09-04,65.90
2007-09-05,65.95
2007-09-06,64.50
2007-09-07,66.05
2007-09-10,64.50
2007-09-11,65.20
2007-09-12,66.15
2007-09-13,65.75
2007-09-14,65.75
2007-09-17,66.20
2007-09-19,66.45
2007-09-20,66.00
2007-09-21,66.40
2007-09-26,66.95
2007-09-27,68.20
2007-09-28,68.95
2007-09-29,69.10
2007-10-01,69.80
2007-10-02,69.90
2007-10-03,70.50
2007-10-04,71.15
2007-10-05,71.20
2007-10-08,71.50
2007-10-09,71.85
2007-10-11,71.70
2007-10-12,71.60
2007-10-15,70.15
2007-10-16,70.00
2007-10-17,70.80
2007-10-18,70.60
2007-10-19,71.30
2007-10-22,69.50
2007-10-23,69.75
2007-10-24,68.80
2007-10-25,68.25
2007-10-26,68.90
2007-10-29,69.85
2007-10-30,70.60
2007-10-31,70.40
2007-11-01,70.60
2007-11-02,68.30
2007-11-05,66.30
2007-11-06,67.00
2007-11-07,67.55
2007-11-08,65.65
2007-11-09,65.00
2007-11-12,63.80
2007-11-13,63.50
2007-11-14,64.95
2007-11-15,64.40
2007-11-16,63.05
2007-11-19,63.45
2007-11-20,61.30
2007-11-21,62.40
2007-11-22,60.85
2007-11-23,61.60
2007-11-26,61.60
2007-11-27,60.40
2007-11-28,61.30
2007-11-29,61.80
2007-11-30,61.85
2007-12-03,62.20
2007-12-04,62.00
2007-12-05,62.25
2007-12-06,63.30
2007-12-07,63.25
2007-12-10,62.90
2007-12-11,62.05
2007-12-12,61.15
2007-12-13,60.90
2007-12-14,58.70
2007-12-17,58.00
2007-12-18,56.40
2007-12-19,57.15
2007-12-20,58.30
2007-12-21,57.90
2007-12-24,59.45
2007-12-25,59.45
2007-12-26,59.20
2007-12-27,59.70
2007-12-28,60.65
2007-12-31,61.05
2008-01-02,61.30
2008-01-03,59.30
2008-01-04,58.35
2008-01-07,57.60
2008-01-08,56.45
2008-01-09,56.10
2008-01-10,58.30
2008-01-11,58.50
2008-01-14,59.05
2008-01-15,59.40
2008-01-16,59.65
2008-01-17,58.95
2008-01-18,57.00
2008-01-21,57.90
2008-01-22,55.05
2008-01-23,54.80
2008-01-24,55.05
2008-01-25,55.60
2008-01-28,55.90
2008-01-29,55.30
2008-01-30,55.10
2008-01-31,54.80
2008-02-01,55.45
2008-02-12,55.15
2008-02-13,55.25
2008-02-14,56.30
2008-02-15,56.90
2008-02-18,57.85
2008-02-19,57.60
2008-02-20,57.70
2008-02-21,57.70
2008-02-22,58.10
2008-02-25,59.50
2008-02-26,60.35
2008-02-27,60.85
2008-02-29,60.30
2008-03-03,59.25
2008-03-04,59.00
2008-03-05,60.70
2008-03-06,61.10
2008-03-07,61.50
2008-03-10,61.00
2008-03-11,59.10
2008-03-12,61.90
2008-03-13,60.55
2008-03-14,59.55
2008-03-17,57.25
2008-03-18,57.50
2008-03-19,58.95
2008-03-20,58.50
2008-03-21,60.80
2008-03-24,65.85
2008-03-25,64.25
2008-03-26,63.15
2008-03-27,62.35
2008-03-28,61.10
2008-03-31,61.55
2008-04-01,60.80
2008-04-02,61.20
2008-04-03,61.55
2008-04-07,61.25
2008-04-08,61.80
2008-04-09,61.95
2008-04-10,61.60
2008-04-11,62.80
2008-04-14,63.20
2008-04-15,63.25
2008-04-16,63.60
2008-04-17,64.70
2008-04-18,64.55
2008-04-21,64.90
2008-04-22,64.40
2008-04-23,64.05
2008-04-24,63.65
2008-04-25,63.65
2008-04-28,63.70
2008-04-29,64.35
2008-04-30,63.75
2008-05-02,64.45
2008-05-05,64.05
2008-05-06,62.85
2008-05-07,63.40
2008-05-08,62.85
2008-05-09,62.65
2008-05-12,62.20
2008-05-13,62.60
2008-05-14,63.90
2008-05-15,64.40
2008-05-16,65.30
2008-05-19,65.45
2008-05-20,65.65
2008-05-21,63.70
2008-05-22,62.65
2008-05-23,63.40
2008-05-26,62.00
2008-05-27,61.75
2008-05-28,62.35
2008-05-29,62.40
2008-05-30,62.50
2008-06-02,62.05
2008-06-03,62.15
2008-06-04,61.45
2008-06-05,61.70
2008-06-06,62.95
2008-06-09,61.05
2008-06-10,61.00
2008-06-11,59.70
2008-06-12,59.20
2008-06-13,58.60
2008-06-16,59.10
2008-06-17,59.20
2008-06-18,59.30
2008-06-19,59.00
2008-06-20,58.45
2008-06-23,56.55
2008-06-24,57.35
2008-06-25,56.90
2008-06-26,57.50
2008-06-27,55.00
2008-06-30,55.50
2008-07-01,55.35
2008-07-02,54.90
2008-07-03,53.40
2008-07-04,54.15
2008-07-07,52.50
2008-07-08,53.40
2008-07-09,53.05
2008-07-10,51.30
2008-07-11,51.75
2008-07-14,52.65
2008-07-15,51.55
2008-07-16,50.20
2008-07-17,50.80
2008-07-18,52.55
2008-07-21,52.60
2008-07-22,53.20
2008-07-23,53.70
2008-07-24,54.65
2008-07-25,53.50
2008-07-29,52.20
2008-07-30,52.90
2008-07-31,53.15
2008-08-01,51.70
2008-08-04,52.05
2008-08-05,52.65
2008-08-06,52.50
2008-08-07,53.00
2008-08-08,52.85
2008-08-11,55.10
2008-08-12,55.45
2008-08-13,55.25
2008-08-14,55.00
2008-08-15,55.80
2008-08-18,54.30
2008-08-19,51.85
2008-08-20,52.50
2008-08-21,53.15
2008-08-22,52.70
2008-08-25,53.10
2008-08-26,53.05
2008-08-27,53.25
2008-08-28,54.10
2008-08-29,54.30
2008-09-01,53.25
2008-09-02,51.60
2008-09-03,50.60
2008-09-04,49.93
2008-09-05,48.00
2008-09-08,50.50
2008-09-09,51.10
2008-09-10,49.45
2008-09-11,49.00
2008-09-12,49.00
2008-09-15,47.70
2008-09-16,44.81
2008-09-17,46.85
2008-09-18,44.30
2008-09-19,46.60
2008-09-22,48.80
2008-09-23,48.00
2008-09-24,48.40
2008-09-25,47.55
2008-09-26,47.70
2008-09-30,43.34
2008-10-01,45.40
2008-10-02,45.07
2008-10-03,44.33
2008-10-06,44.00
2008-10-07,41.60
2008-10-08,41.73
2008-10-09,40.31
2008-10-13,39.00
2008-10-14,41.55
2008-10-15,41.00
2008-10-16,39.15
2008-10-17,39.10
2008-10-20,37.75
2008-10-21,39.20
2008-10-22,37.40
2008-10-23,35.51
2008-10-24,32.60
2008-10-27,30.30
2008-10-28,30.00
2008-10-29,34.40
2008-10-30,33.08
2008-10-31,34.50
2008-11-03,36.54
2008-11-04,36.40
2008-11-05,37.00
2008-11-06,34.45
2008-11-07,32.60
2008-11-10,34.39
2008-11-11,33.25
2008-11-12,33.42
2008-11-13,32.50
2008-11-14,32.80
2008-11-17,31.50
2008-11-18,31.36
2008-11-19,30.88
2008-11-20,30.00
2008-11-21,29.10
2008-11-24,30.45
2008-11-25,30.95
2008-11-26,30.87
2008-11-27,31.50
2008-11-28,32.50
2008-12-01,32.00
2008-12-02,30.60
2008-12-03,31.00
2008-12-04,30.80
2008-12-05,30.08
2008-12-08,30.78
2008-12-09,32.55
2008-12-10,32.29
2008-12-11,34.05
2008-12-12,33.33
2008-12-15,33.45
2008-12-16,33.00
2008-12-17,34.00
2008-12-18,34.00
2008-12-19,33.55
2008-12-22,33.95
2008-12-23,32.60
2008-12-24,31.30
2008-12-25,31.80
2008-12-26,31.75
2008-12-29,31.75
2008-12-30,32.10
2008-12-31,33.30
2009-01-05,34.38
2009-01-06,34.20
2009-01-07,34.70
2009-01-08,33.60
2009-01-09,32.43
2009-01-10,31.70
2009-01-12,31.63
2009-01-13,31.70
2009-01-14,32.66
2009-01-15,31.20
2009-01-16,31.20
2009-01-17,31.49
2009-01-19,31.40
2009-01-20,30.63
2009-01-21,30.40
2009-02-02,30.38
2009-02-03,30.72
2009-02-04,31.77
2009-02-05,31.50
2009-02-06,31.77
2009-02-09,32.64
2009-02-10,32.55
2009-02-11,32.01
2009-02-12,33.13
2009-02-13,32.60
2009-02-16,33.28
2009-02-17,33.00
2009-02-18,32.00
2009-02-19,32.18
2009-02-20,32.30
2009-02-23,32.06
2009-02-24,31.80
2009-02-25,32.50
2009-02-26,32.95
2009-02-27,32.80
2009-03-02,32.50
2009-03-03,31.60
2009-03-04,31.51
2009-03-05,33.00
2009-03-06,33.00
2009-03-09,33.70
2009-03-10,33.19
2009-03-11,34.05
2009-03-12,34.25
2009-03-13,34.55
2009-03-16,35.06
2009-03-17,35.53
2009-03-18,36.17
2009-03-19,36.10
2009-03-20,35.95
2009-03-23,36.03
2009-03-24,37.13
2009-03-25,37.30
2009-03-26,38.00
2009-03-27,38.30
2009-03-30,37.55
2009-03-31,36.78
2009-04-01,37.09
2009-04-02,37.88
2009-04-03,38.86
2009-04-06,38.80
2009-04-07,38.46
2009-04-08,38.33
2009-04-09,38.33
2009-04-10,39.88
2009-04-13,40.08
2009-04-14,39.93
2009-04-15,40.26
2009-04-16,41.15
2009-04-17,41.51
2009-04-20,39.93
2009-04-21,39.77
2009-04-22,40.86
2009-04-23,40.51
2009-04-24,40.60
2009-04-27,40.50
2009-04-28,39.75
2009-04-29,39.26
2009-04-30,42.15
2009-05-04,45.10
2009-05-05,47.00
2009-05-06,46.03
2009-05-07,46.42
2009-05-08,45.55
2009-05-11,45.80
2009-05-12,45.55
2009-05-13,44.60
2009-05-14,43.99
2009-05-15,43.90
2009-05-18,44.35
2009-05-19,46.05
2009-05-20,46.12
2009-05-21,46.16
2009-05-22,45.50
2009-05-25,46.30
2009-05-26,45.68
2009-05-27,46.10
2009-06-01,48.08
2009-06-02,48.15
2009-06-03,47.82
2009-06-04,47.70
2009-06-05,46.79
2009-06-06,46.65
2009-06-08,47.40
2009-06-09,45.76
2009-06-10,44.70
2009-06-11,44.85
2009-06-12,45.26
2009-06-15,44.30
2009-06-16,43.04
2009-06-17,43.05
2009-06-18,42.97
2009-06-19,42.75
2009-06-22,43.07
2009-06-23,42.85
2009-06-24,42.80
2009-06-25,44.35
2009-06-26,44.75
2009-06-29,44.80
2009-06-30,44.88
2009-07-01,44.48
2009-07-02,45.60
2009-07-03,45.45
2009-07-06,45.80
2009-07-07,45.40
2009-07-08,45.77
2009-07-09,45.88
2009-07-10,46.62
2009-07-13,46.75
2009-07-14,45.68
2009-07-15,46.37
2009-07-16,47.60
2009-07-17,47.60
2009-07-20,48.42
2009-07-21,48.50
2009-07-22,48.70
2009-07-23,48.48
2009-07-24,48.80
2009-07-27,48.50
2009-07-28,48.83
2009-07-29,49.70
2009-07-30,49.12
2009-07-31,49.11
2009-08-03,49.10
2009-08-04,49.58
2009-08-05,48.62
2009-08-06,48.05
2009-08-10,48.00
2009-08-11,48.30
2009-08-12,48.20
2009-08-13,48.50
2009-08-14,49.64
2009-08-17,49.15
2009-08-18,48.20
2009-08-19,48.23
2009-08-20,47.79
2009-08-21,47.92
2009-08-24,48.00
2009-08-25,48.66
2009-08-26,48.37
2009-08-27,47.64
2009-08-28,47.80
2009-08-31,48.69
2009-09-01,48.45
2009-09-02,49.70
2009-09-03,50.05
2009-09-04,50.60
2009-09-07,51.15
2009-09-08,51.85
2009-09-09,52.40
2009-09-10,54.90
2009-09-11,52.50
2009-09-14,52.30
2009-09-15,51.90
2009-09-16,52.80
2009-09-17,53.50
2009-09-18,52.95
2009-09-21,53.30
2009-09-22,53.15
2009-09-23,52.90
2009-09-24,52.60
2009-09-25,51.75
2009-09-28,52.10
2009-09-29,52.45
2009-09-30,52.95
2009-10-01,53.80
2009-10-02,52.80
2009-10-05,52.70
2009-10-06,52.65
2009-10-07,53.90
2009-10-08,53.90
2009-10-09,53.30
2009-10-12,53.50
2009-10-13,52.90
2009-10-14,53.85
2009-10-15,54.95
2009-10-16,54.65
2009-10-19,54.15
2009-10-20,54.95
2009-10-21,54.80
2009-10-22,54.20
2009-10-23,53.20
2009-10-26,53.65
2009-10-27,53.15
2009-10-28,53.10
2009-10-29,51.80
2009-10-30,51.75
2009-11-02,50.80
2009-11-03,51.35
2009-11-04,51.30
2009-11-05,51.95
2009-11-06,52.45
2009-11-09,52.70
2009-11-10,53.00
2009-11-11,53.35
2009-11-12,53.85
2009-11-13,53.65
2009-11-16,53.75
2009-11-17,55.20
2009-11-18,54.20
2009-11-19,54.10
2009-11-20,53.55
2009-11-23,53.40
2009-11-24,53.50
2009-11-25,53.35
2009-11-26,54.10
2009-11-27,53.05
2009-11-30,52.55
2009-12-01,52.70
2009-12-02,53.65
2009-12-03,53.80
2009-12-04,53.30
2009-12-07,53.50
2009-12-08,54.10
2009-12-09,53.60
2009-12-10,53.85
2009-12-11,53.00
2009-12-14,53.20
2009-12-15,53.90
2009-12-16,53.50
2009-12-17,53.35
2009-12-18,53.00
2009-12-21,53.65
2009-12-22,54.00
2009-12-23,54.20
2009-12-24,54.55
2009-12-25,55.20
2009-12-28,55.50
2009-12-29,55.60
2009-12-30,55.50
2009-12-31,55.70
2010-01-04,56.45
2010-01-05,56.80
2010-01-06,56.50
2010-01-07,57.60
2010-01-08,57.30
2010-01-11,57.10
2010-01-12,57.55
2010-01-13,57.05
2010-01-14,56.80
2010-01-15,57.35
2010-01-18,57.45
2010-01-19,57.50
2010-01-20,56.80
2010-01-21,56.15
2010-01-22,55.20
2010-01-25,53.95
2010-01-26,54.15
2010-01-27,52.95
2010-01-28,53.10
2010-01-29,52.95
2010-02-01,53.15
2010-02-02,52.95
2010-02-03,52.10
2010-02-04,52.75
2010-02-05,51.25
2010-02-06,50.80
2010-02-08,51.05
2010-02-09,50.85
2010-02-10,51.95
2010-02-22,53.05
2010-02-23,52.60
2010-02-24,52.15
2010-02-25,52.25
2010-02-26,51.65
2010-03-01,51.50
2010-03-02,52.75
2010-03-03,52.70
2010-03-04,52.75
2010-03-05,52.85
2010-03-08,53.30
2010-03-09,53.70
2010-03-10,53.85
2010-03-11,54.00
2010-03-12,53.70
2010-03-15,53.50
2010-03-16,52.80
2010-03-17,53.45
2010-03-18,54.25
2010-03-19,54.45
2010-03-22,54.00
2010-03-23,53.70
2010-03-24,53.50
2010-03-25,53.35
2010-03-26,53.25
2010-03-29,54.15
2010-03-30,54.50
2010-03-31,54.35
2010-04-01,54.25
2010-04-02,54.75
2010-04-06,54.90
2010-04-07,55.35
2010-04-08,55.40
2010-04-09,55.00
2010-04-12,55.45
2010-04-13,55.20
2010-04-14,55.00
2010-04-15,55.35
2010-04-16,55.50
2010-04-19,54.65
2010-04-20,53.90
2010-04-21,54.15
2010-04-22,54.20
2010-04-23,54.45
2010-04-26,55.25
2010-04-27,55.90
2010-04-28,54.75
2010-04-29,55.25
2010-04-30,55.40
2010-05-03,54.50
2010-05-04,54.75
2010-05-05,53.40
2010-05-06,52.95
2010-05-07,51.30
2010-05-10,52.15
2010-05-11,52.60
2010-05-12,52.10
2010-05-13,52.65
2010-05-14,53.05
2010-05-17,52.60
2010-05-18,52.10
2010-05-19,51.50
2010-05-20,51.45
2010-05-21,50.00
2010-05-24,49.90
2010-05-25,50.00
2010-05-26,49.74
2010-05-27,49.32
2010-05-28,50.10
2010-05-31,50.00
2010-06-01,50.00
2010-06-02,49.52
2010-06-03,49.80
2010-06-04,50.20
2010-06-07,48.85
2010-06-08,48.70
2010-06-09,48.50
2010-06-10,48.18
2010-06-11,49.69
2010-06-14,50.20
2010-06-15,50.35
2010-06-17,51.10
2010-06-18,51.05
2010-06-21,51.50
2010-06-22,51.90
2010-06-23,51.35
2010-06-24,51.15
2010-06-25,50.75
2010-06-28,50.70
2010-06-29,51.00
2010-06-30,49.55
2010-07-01,49.55
2010-07-02,49.10
2010-07-05,49.73
2010-07-06,50.00
2010-07-07,51.35
2010-07-08,51.90
2010-07-09,51.90
2010-07-12,52.40
2010-07-13,52.40
2010-07-14,52.90
2010-07-15,52.95
2010-07-16,53.15
2010-07-19,52.25
2010-07-20,52.75
2010-07-21,53.20
2010-07-22,52.90
2010-07-23,53.10
2010-07-26,53.70
2010-07-27,53.90
2010-07-28,53.60
2010-07-29,53.95
2010-07-30,53.90
2010-08-02,54.35
2010-08-03,55.05
2010-08-04,55.00
2010-08-05,55.25
2010-08-06,54.90
2010-08-09,55.10
2010-08-10,55.50
2010-08-11,55.00
2010-08-12,54.10
2010-08-13,54.30
2010-08-16,54.45
2010-08-17,54.85
2010-08-18,55.00
2010-08-19,54.65
2010-08-20,54.85
2010-08-23,54.85
2010-08-24,55.00
2010-08-25,54.30
2010-08-26,53.90
2010-08-27,53.60
2010-08-30,54.30
2010-08-31,53.70
2010-09-01,53.50
2010-09-02,54.10
2010-09-03,54.20
2010-09-06,54.95
2010-09-07,54.95
2010-09-08,54.75
2010-09-09,54.95
2010-09-10,55.15
2010-09-13,55.55
2010-09-14,56.80
2010-09-15,57.00
2010-09-16,57.20
2010-09-17,56.85
2010-09-20,57.20
2010-09-21,57.60
2010-09-23,57.35
2010-09-24,57.10
2010-09-27,57.50
2010-09-28,57.15
2010-09-29,57.60
2010-09-30,57.70
2010-10-01,57.90
2010-10-04,57.85
2010-10-05,57.50
2010-10-06,57.90
2010-10-07,57.85
2010-10-08,57.85
2010-10-11,57.60
2010-10-12,57.00
2010-10-13,56.35
2010-10-14,56.90
2010-10-15,57.50
2010-10-18,57.30
2010-10-19,56.20
2010-10-20,55.80
2010-10-21,56.80
2010-10-22,56.75
2010-10-25,55.50
2010-10-26,56.30
2010-10-27,56.50
2010-10-28,56.05
2010-10-29,56.20
2010-11-01,56.20
2010-11-02,56.80
2010-11-03,56.95
2010-11-04,56.80
2010-11-05,57.55
2010-11-08,57.80
2010-11-09,57.55
2010-11-10,57.80
2010-11-11,57.80
2010-11-12,57.25
2010-11-15,56.30
2010-11-16,56.10
2010-11-17,56.35
2010-11-18,56.40
2010-11-19,56.90
2010-11-22,56.80
2010-11-23,57.35
2010-11-24,56.70
2010-11-25,56.85
2010-11-26,57.15
2010-11-29,57.10
2010-11-30,57.05
2010-12-01,57.10
2010-12-02,58.50
2010-12-03,58.60
2010-12-06,59.00
2010-12-07,59.20
2010-12-08,59.10
2010-12-09,59.50
2010-12-10,59.60
2010-12-13,59.20
2010-12-14,59.25
2010-12-15,59.30
2010-12-16,59.65
2010-12-17,59.80
2010-12-20,60.40
2010-12-21,59.90
2010-12-22,60.40
2010-12-23,60.05
2010-12-24,60.45
2010-12-27,60.20
2010-12-28,60.45
2010-12-29,60.35
2010-12-30,60.70
2010-12-31,60.80
2011-01-03,61.60
2011-01-04,61.55
2011-01-05,61.10
2011-01-06,60.25
2011-01-07,60.25
2011-01-10,59.75
2011-01-11,59.70
2011-01-12,61.00
2011-01-13,61.25
2011-01-14,60.95
2011-01-17,61.15
2011-01-18,60.55
2011-01-19,61.35
2011-01-20,62.00
2011-01-21,61.10
2011-01-24,61.00
2011-01-25,61.45
2011-01-26,61.45
2011-01-27,62.05
2011-01-28,62.50
2011-02-08,63.05
2011-02-09,62.50
2011-02-10,61.60
2011-02-11,60.40
2011-02-14,59.05
2011-02-15,59.40
2011-02-16,59.80
2011-02-17,59.75
2011-02-18,60.00
2011-02-21,60.40
2011-02-22,60.30
2011-02-23,59.45
2011-02-24,59.00
2011-02-25,59.30
2011-03-01,59.70
2011-03-02,59.45
2011-03-03,59.55
2011-03-04,60.50
2011-03-07,60.50
2011-03-08,60.05
2011-03-09,60.55
2011-03-10,60.15
2011-03-11,59.05
2011-03-14,58.60
2011-03-15,58.70
2011-03-16,58.00
2011-03-17,56.80
2011-03-18,57.70
2011-03-21,57.90
2011-03-22,58.50
2011-03-23,58.40
2011-03-24,58.85
2011-03-25,59.05
2011-03-28,59.25
2011-03-29,58.90
2011-03-30,59.40
2011-03-31,59.50
2011-04-01,59.60
2011-04-06,60.00
2011-04-07,61.35
2011-04-08,61.25
2011-04-11,61.10
2011-04-12,60.80
2011-04-13,59.90
2011-04-14,60.45
2011-04-15,60.40
2011-04-18,59.75
2011-04-19,59.35
2011-04-20,59.50
2011-04-21,60.95
2011-04-22,61.80
2011-04-25,61.90
2011-04-26,60.90
2011-04-27,61.75
2011-04-28,62.25
2011-04-29,62.00
2011-05-03,62.20
2011-05-04,61.60
2011-05-05,61.40
2011-05-06,61.90
2011-05-09,62.10
2011-05-10,62.30
2011-05-11,62.50
2011-05-12,61.70
2011-05-13,62.25
2011-05-16,61.95
2011-05-17,61.20
2011-05-18,61.20
2011-05-19,61.60
2011-05-20,61.25
2011-05-23,60.80
2011-05-24,60.30
2011-05-25,60.10
2011-05-26,60.35
2011-05-27,60.65
2011-05-30,60.40
2011-05-31,60.80
2011-06-01,62.00
2011-06-02,62.00
2011-06-03,62.00
2011-06-07,61.90
2011-06-08,62.05
2011-06-09,61.80
2011-06-10,62.15
2011-06-13,60.25
2011-06-14,60.00
2011-06-15,60.70
2011-06-16,59.90
2011-06-17,59.60
2011-06-20,59.40
2011-06-21,59.00
2011-06-22,59.50
2011-06-23,58.95
2011-06-24,58.70
2011-06-27,57.50
2011-06-28,58.05
2011-06-29,58.00
2011-06-30,58.80
2011-07-01,59.20
2011-07-04,59.90
2011-07-05,60.00
2011-07-06,60.00
2011-07-07,60.70
2011-07-08,60.50
2011-07-11,59.85
2011-07-12,59.10
2011-07-13,58.65
2011-07-14,59.00
2011-07-15,59.00
2011-07-18,59.15
2011-07-19,58.85
2011-07-20,59.50
2011-07-21,60.45
2011-07-22,60.85
2011-07-25,60.50
2011-07-26,60.50
2011-07-27,61.20
2011-07-28,60.80
2011-07-29,60.75
2011-08-01,60.50
2011-08-02,59.90
2011-08-03,58.85
2011-08-04,58.60
2011-08-05,55.70
2011-08-08,54.30
2011-08-09,51.00
2011-08-10,53.95
2011-08-11,53.20
2011-08-12,54.70
2011-08-15,54.20
2011-08-16,54.80
2011-08-17,54.35
2011-08-18,53.40
2011-08-19,51.80
2011-08-22,51.30
2011-08-23,52.10
2011-08-24,53.40
2011-08-25,53.20
2011-08-26,52.80
2011-08-29,53.10
2011-08-30,54.00
2011-08-31,54.10
2011-09-01,55.05
2011-09-02,55.15
2011-09-05,53.95
2011-09-06,53.30
2011-09-07,53.35
2011-09-08,54.00
2011-09-09,53.55
2011-09-13,53.60
2011-09-14,53.15
2011-09-15,52.70
2011-09-16,53.50
2011-09-19,53.85
2011-09-20,53.35
2011-09-21,53.40
2011-09-22,52.60
2011-09-23,50.50
2011-09-26,50.25
2011-09-27,50.50
2011-09-28,51.20
2011-09-29,50.65
2011-09-30,51.45
2011-10-03,50.75
2011-10-04,49.90
2011-10-05,50.90
2011-10-06,51.15
2011-10-07,51.80
2011-10-11,52.75
2011-10-12,52.85
2011-10-13,53.20
2011-10-14,52.60
2011-10-17,53.10
2011-10-18,52.50
2011-10-19,52.60
2011-10-20,52.55
2011-10-21,51.80
2011-10-24,52.45
2011-10-25,53.65
2011-10-26,51.60
2011-10-27,52.15
2011-10-28,53.40
2011-10-31,52.80
2011-11-01,52.20
2011-11-02,51.60
2011-11-03,52.00
2011-11-04,52.20
2011-11-07,52.30
2011-11-08,52.40
2011-11-09,52.50
2011-11-10,51.25
2011-11-11,50.65
2011-11-14,51.75
2011-11-15,52.05
2011-11-16,52.15
2011-11-17,50.90
2011-11-18,50.70
2011-11-21,49.90
2011-11-22,49.23
2011-11-23,48.80
2011-11-24,47.80
2011-11-25,48.24
2011-11-28,48.08
2011-11-29,48.75
2011-11-30,48.50
2011-12-01,49.60
2011-12-02,50.10
2011-12-05,49.82
2011-12-06,49.50
2011-12-07,49.00
2011-12-08,49.01
2011-12-09,48.00
2011-12-12,48.94
2011-12-13,48.37
2011-12-14,48.54
2011-12-15,48.01
2011-12-16,47.65
2011-12-19,47.40
2011-12-20,47.05
2011-12-21,48.55
2011-12-22,49.27
2011-12-23,49.89
2011-12-26,50.00
2011-12-27,49.85
2011-12-28,49.75
2011-12-29,49.50
2011-12-30,50.00
2012-01-02,49.45
2012-01-03,49.50
2012-01-04,49.90
2012-01-05,50.10
2012-01-06,50.10
2012-01-09,49.90
2012-01-10,50.20
2012-01-11,50.70
2012-01-12,50.70
2012-01-13,51.15
2012-01-16,51.05
2012-01-17,50.35
2012-01-18,50.55
2012-01-30,51.40
2012-01-31,52.00
2012-02-01,52.20
2012-02-02,52.70
2012-02-03,52.95
2012-02-04,53.35
2012-02-06,53.50
2012-02-07,53.30
2012-02-08,53.50
2012-02-09,54.05
2012-02-10,54.25
2012-02-13,54.00
2012-02-14,54.05
2012-02-15,54.30
2012-02-16,54.65
2012-02-17,54.80
2012-02-20,54.80
2012-02-21,54.50
2012-02-22,54.30
2012-02-23,54.55
2012-02-24,54.60
2012-02-29,55.25
2012-03-01,55.95
2012-03-02,56.00
2012-03-03,55.50
2012-03-05,55.30
2012-03-06,54.90
2012-03-07,54.00
2012-03-08,54.40
2012-03-09,54.70
2012-03-12,55.00
2012-03-13,54.60
2012-03-14,56.05
2012-03-15,55.75
2012-03-16,55.50
2012-03-19,55.45
2012-03-20,55.35
2012-03-21,54.85
2012-03-22,54.95
2012-03-23,55.45
2012-03-26,55.00
2012-03-27,54.80
2012-03-28,55.45
2012-03-29,55.20
2012-03-30,54.50
2012-04-02,54.90
2012-04-03,54.85
2012-04-05,53.45
2012-04-06,53.60
2012-04-09,53.00
2012-04-10,53.55
2012-04-11,52.70
2012-04-12,53.05
2012-04-13,53.80
2012-04-16,53.45
2012-04-17,53.90
2012-04-18,53.50
2012-04-19,53.05
2012-04-20,52.90
2012-04-23,52.30
2012-04-24,52.25
2012-04-25,52.60
2012-04-26,52.80
2012-04-27,52.60
2012-04-30,52.10
2012-05-02,52.25
2012-05-03,53.25
2012-05-04,52.80
2012-05-07,52.45
2012-05-08,52.20
2012-05-09,51.65
2012-05-10,51.60
2012-05-11,51.60
2012-05-14,51.30
2012-05-15,50.90
2012-05-16,51.00
2012-05-17,50.25
2012-05-18,50.05
2012-05-21,49.95
2012-05-22,50.35
2012-05-23,49.90
2012-05-24,49.55
2012-05-25,49.45
2012-05-28,49.01
2012-05-29,49.60
2012-05-30,50.35
2012-05-31,49.55
2012-06-01,49.85
2012-06-04,48.20
2012-06-05,48.42
2012-06-06,48.40
2012-06-07,49.10
2012-06-08,48.57
2012-06-11,48.86
2012-06-12,48.10
2012-06-13,48.61
2012-06-14,48.71
2012-06-15,48.78
2012-06-18,50.40
2012-06-19,50.00
2012-06-20,50.15
2012-06-21,50.20
2012-06-22,49.20
2012-06-25,49.04
2012-06-26,49.00
2012-06-27,48.88
2012-06-28,49.70
2012-06-29,49.48
2012-07-02,50.50
2012-07-03,50.80
2012-07-04,51.45
2012-07-05,51.45
2012-07-06,51.45
2012-07-09,50.80
2012-07-10,50.95
2012-07-11,50.30
2012-07-12,50.45
2012-07-13,49.50
2012-07-16,49.75
2012-07-17,49.50
2012-07-18,49.80
2012-07-19,49.70
2012-07-20,50.15
2012-07-23,49.65
2012-07-24,49.20
2012-07-25,48.82
2012-07-26,49.33
2012-07-27,49.50
2012-07-30,50.00
2012-07-31,50.50
2012-08-01,50.90
2012-08-03,50.75
2012-08-06,51.90
2012-08-07,51.60
2012-08-08,51.95
2012-08-09,52.10
2012-08-10,52.85
2012-08-13,53.00
2012-08-14,53.10
2012-08-15,53.20
2012-08-16,53.10
2012-08-17,53.35
2012-08-20,52.85
2012-08-21,52.95
2012-08-22,53.35
2012-08-23,53.20
2012-08-24,53.00
2012-08-27,53.45
2012-08-28,52.95
2012-08-29,52.40
2012-08-30,52.45
2012-08-31,52.50
2012-09-03,52.70
2012-09-04,53.15
2012-09-05,52.90
2012-09-06,52.30
2012-09-07,53.10
2012-09-10,52.95
2012-09-11,53.35
2012-09-12,53.75
2012-09-13,54.20
2012-09-14,54.80
2012-09-17,55.50
2012-09-18,55.50
2012-09-19,55.45
2012-09-20,55.55
2012-09-21,55.35
2012-09-24,55.30
2012-09-25,55.60
2012-09-26,54.90
2012-09-27,54.80
2012-09-28,55.25
2012-10-01,55.00
2012-10-02,55.10
2012-10-03,55.25
2012-10-04,55.00
2012-10-05,55.00
2012-10-08,55.00
2012-10-09,54.75
2012-10-11,53.70
2012-10-12,53.30
2012-10-15,53.05
2012-10-16,53.40
2012-10-17,53.90
2012-10-18,53.70
2012-10-19,53.60
2012-10-22,52.60
2012-10-23,52.90
2012-10-24,50.55
2012-10-25,50.95
2012-10-26,50.70
2012-10-29,49.99
2012-10-30,50.30
2012-10-31,50.70
2012-11-01,50.10
2012-11-02,50.70
2012-11-05,50.55
2012-11-06,50.65
2012-11-07,50.90
2012-11-08,50.60
2012-11-09,50.35
2012-11-12,51.30
2012-11-13,51.00
2012-11-14,49.95
2012-11-15,50.00
2012-11-16,49.95
2012-11-19,50.30
2012-11-20,50.70
2012-11-21,50.45
2012-11-22,50.30
2012-11-23,50.55
2012-11-26,51.80
2012-11-27,52.20
2012-11-28,52.40
2012-11-29,52.65
2012-11-30,53.10
2012-12-03,53.55
2012-12-04,53.05
2012-12-05,53.30
2012-12-06,53.75
2012-12-07,53.65
2012-12-10,53.90
2012-12-11,53.65
2012-12-12,53.80
2012-12-13,54.30
2012-12-14,54.60
2012-12-17,54.20
2012-12-18,53.75
2012-12-19,53.95
2012-12-20,53.35
2012-12-21,53.05
2012-12-22,52.60
2012-12-24,52.90
2012-12-25,52.75
2012-12-26,53.60
2012-12-27,53.20
2012-12-28,53.70
2013-01-02,54.00
2013-01-03,54.90
2013-01-04,54.85
2013-01-07,54.55
2013-01-08,54.00
2013-01-09,53.75
2013-01-10,54.30
2013-01-11,54.70
2013-01-14,54.00
2013-01-15,54.20
2013-01-16,54.05
2013-01-17,53.90
2013-01-18,53.95
2013-01-21,53.95
2013-01-22,54.30
2013-01-23,54.20
2013-01-24,53.75
2013-01-25,53.65
2013-01-28,53.70
2013-01-29,53.95
2013-01-30,54.50
2013-01-31,54.50
2013-02-01,54.70
2013-02-04,54.85
2013-02-05,54.90
2013-02-06,55.20
2013-02-18,55.50
2013-02-19,55.60
2013-02-20,55.90
2013-02-21,55.90
2013-02-22,55.60
2013-02-23,55.70
2013-02-25,55.80
2013-02-26,55.25
2013-02-27,55.05
2013-03-01,55.35
2013-03-04,55.40
2013-03-05,54.90
2013-03-06,55.70
2013-03-07,55.20
2013-03-08,55.60
2013-03-11,55.80
2013-03-12,55.90
2013-03-13,55.60
2013-03-14,55.50
2013-03-15,55.60
2013-03-18,55.00
2013-03-19,54.70
2013-03-20,54.35
2013-03-21,54.40
2013-03-22,54.20
2013-03-25,54.75
2013-03-26,54.55
2013-03-27,54.60
2013-03-28,54.70
2013-03-29,54.85
2013-04-01,55.10
2013-04-02,55.00
2013-04-03,55.10
2013-04-08,54.45
2013-04-09,54.00
2013-04-10,53.75
2013-04-11,53.95
2013-04-12,54.40
2013-04-15,54.25
2013-04-16,53.50
2013-04-17,54.00
2013-04-18,53.55
2013-04-19,54.25
2013-04-22,55.55
2013-04-23,55.40
2013-04-24,55.35
2013-04-25,55.45
2013-04-26,55.80
2013-04-29,55.90
2013-04-30,56.25
2013-05-02,56.35
2013-05-03,56.85
2013-05-06,57.00
2013-05-07,56.90
2013-05-08,57.20
2013-05-09,58.20
2013-05-10,58.10
2013-05-13,57.90
2013-05-14,58.00
2013-05-15,58.10
2013-05-16,58.50
2013-05-17,58.60
2013-05-20,58.30
2013-05-21,58.35
2013-05-22,58.65
2013-05-23,57.90
2013-05-24,57.00
2013-05-27,56.80
2013-05-28,57.40
2013-05-29,57.35
2013-05-30,57.40
2013-05-31,57.50
2013-06-03,56.45
2013-06-04,56.70
2013-06-05,56.55
2013-06-06,56.20
2013-06-07,55.95
2013-06-10,56.55
2013-06-11,56.55
2013-06-13,55.90
2013-06-14,55.15
2013-06-17,54.85
2013-06-18,55.15
2013-06-19,55.50
2013-06-20,55.00
2013-06-21,54.10
2013-06-24,53.40
2013-06-25,53.30
2013-06-26,53.60
2013-06-27,54.05
2013-06-28,54.40
2013-07-01,54.80
2013-07-02,55.65
2013-07-03,55.20
2013-07-04,54.90
2013-07-05,55.25
2013-07-08,56.05
2013-07-09,55.00
2013-07-10,55.75
2013-07-11,56.75
2013-07-12,57.20
2013-07-15,57.35
2013-07-16,57.50
2013-07-17,57.40
2013-07-18,57.60
2013-07-19,56.90
2013-07-22,56.15
2013-07-23,56.50
2013-07-24,56.80
2013-07-25,56.80
2013-07-26,57.00
2013-07-29,56.70
2013-07-30,56.75
2013-07-31,56.95
2013-08-01,56.55
2013-08-02,56.60
2013-08-05,56.50
2013-08-06,56.40
2013-08-07,55.55
2013-08-08,55.00
2013-08-09,54.90
2013-08-12,55.00
2013-08-13,55.35
2013-08-14,55.55
2013-08-15,54.85
2013-08-16,54.65
2013-08-19,55.05
2013-08-20,54.85
2013-08-22,54.30
2013-08-23,54.50
2013-08-26,55.00
2013-08-27,55.00
2013-08-28,54.35
2013-08-29,54.85
2013-08-30,55.60
2013-09-02,55.95
2013-09-03,56.60
2013-09-04,56.50
2013-09-05,56.70
2013-09-06,56.85
2013-09-09,57.00
2013-09-10,57.35
2013-09-11,57.50
2013-09-12,57.40
2013-09-13,57.50
2013-09-14,57.15
2013-09-16,57.45
2013-09-17,57.50
2013-09-18,57.90
2013-09-23,57.55
2013-09-24,58.00
2013-09-25,58.00
2013-09-26,57.70
2013-09-27,57.40
2013-09-30,57.00
2013-10-01,57.00
2013-10-02,57.50
2013-10-03,57.50
2013-10-04,58.50
2013-10-07,58.15
2013-10-08,57.85
2013-10-09,58.10
2013-10-11,58.85
2013-10-14,58.40
2013-10-15,58.45
2013-10-16,58.45
2013-10-17,58.65
2013-10-18,58.65
2013-10-21,59.05
2013-10-22,58.80
2013-10-23,59.10
2013-10-24,57.70
2013-10-25,57.35
2013-10-28,57.15
2013-10-29,57.45
2013-10-30,57.80
2013-10-31,57.85
2013-11-01,58.00
2013-11-04,57.40
2013-11-05,57.25
2013-11-06,56.80
2013-11-07,56.85
2013-11-08,56.60
2013-11-11,56.45
2013-11-12,56.60
2013-11-13,56.25
2013-11-14,56.00
2013-11-15,56.10
2013-11-18,56.35
2013-11-19,56.55
2013-11-20,56.65
2013-11-21,56.10
2013-11-22,55.50
2013-11-25,56.15
2013-11-26,56.00
2013-11-27,56.70
2013-11-28,57.35
2013-11-29,57.35
2013-12-02,57.60
2013-12-03,57.35
2013-12-04,57.25
2013-12-05,57.45
2013-12-06,57.05
2013-12-09,57.55
2013-12-10,57.55
2013-12-11,57.95
2013-12-12,57.60
2013-12-13,57.10
2013-12-16,57.25
2013-12-17,57.15
2013-12-18,57.20
2013-12-19,57.40
2013-12-20,57.35
2013-12-23,57.55
2013-12-24,57.85
2013-12-25,57.90
2013-12-26,57.85
2013-12-27,57.80
2013-12-30,58.35
2013-12-31,59.05
2014-01-02,58.70
2014-01-03,58.45
2014-01-06,57.75
2014-01-07,57.75
2014-01-08,57.70
2014-01-09,57.65
2014-01-10,57.50
2014-01-13,58.00
2014-01-14,57.70
2014-01-15,57.95
2014-01-16,58.50
2014-01-17,58.60
2014-01-20,58.40
2014-01-21,58.75
2014-01-22,58.45
2014-01-23,58.60
2014-01-24,58.30
2014-01-27,58.10
2014-02-05,56.40
2014-02-06,55.95
2014-02-07,56.40
2014-02-10,56.90
2014-02-11,56.60
2014-02-12,57.15
2014-02-13,57.45
2014-02-14,57.70
2014-02-17,58.10
2014-02-18,57.95
2014-02-19,58.10
2014-02-20,58.05
2014-02-21,58.40
2014-02-24,58.40
2014-02-25,58.25
2014-02-26,58.00
2014-02-27,58.30
2014-03-03,57.80
2014-03-04,57.90
2014-03-05,58.20
2014-03-06,58.35
2014-03-07,59.30
2014-03-10,59.30
2014-03-11,59.25
2014-03-12,58.85
2014-03-13,59.25
2014-03-14,59.15
2014-03-17,59.15
2014-03-18,59.40
2014-03-19,59.40
2014-03-20,58.70
2014-03-21,58.65
2014-03-24,58.45
2014-03-25,58.50
2014-03-26,59.45
2014-03-27,59.50
2014-03-28,59.85
2014-03-31,60.05
2014-04-01,60.25
2014-04-02,60.80
2014-04-03,60.80
2014-04-07,60.40
2014-04-08,60.45
2014-04-09,60.80
2014-04-10,61.25
2014-04-11,60.80
2014-04-14,61.10
2014-04-15,61.20
2014-04-16,61.35
2014-04-17,61.30
2014-04-18,61.75
2014-04-21,61.45
2014-04-22,61.55
2014-04-23,61.85
2014-04-24,61.70
2014-04-25,61.65
2014-04-28,60.30
2014-04-29,61.25
2014-04-30,61.40
2014-05-02,61.15
2014-05-05,61.55
2014-05-06,61.50
2014-05-07,61.50
2014-05-08,61.60
2014-05-09,61.70
2014-05-12,61.50
2014-05-13,61.60
2014-05-14,61.60
2014-05-15,61.75
2014-05-16,61.65
2014-05-19,61.85
2014-05-20,61.90
2014-05-21,62.00
2014-05-22,62.00
2014-05-23,62.85
2014-05-26,62.85
2014-05-27,63.05
2014-05-28,63.15
2014-05-29,63.70
2014-05-30,63.40
2014-06-03,63.15
2014-06-04,63.40
2014-06-05,63.30
2014-06-06,63.65
2014-06-09,63.60
2014-06-10,63.85
2014-06-11,64.20
2014-06-12,64.00
2014-06-13,63.90
2014-06-16,63.85
2014-06-17,63.90
2014-06-18,64.40
2014-06-19,64.65
2014-06-20,64.95
2014-06-23,64.80
2014-06-24,64.85
2014-06-25,64.65
2014-06-26,64.75
2014-06-27,65.35
2014-06-30,65.30
2014-07-01,65.95
2014-07-02,66.80
2014-07-03,67.10
2014-07-04,67.80
2014-07-07,67.50
2014-07-08,67.80
2014-07-09,67.65
2014-07-10,67.80
2014-07-11,68.35
2014-07-14,68.25
2014-07-15,68.95
2014-07-16,68.95
2014-07-17,67.95
2014-07-18,67.05
2014-07-21,67.75
2014-07-22,67.70
2014-07-24,68.30
2014-07-25,68.40
2014-07-28,67.45
2014-07-29,67.75
2014-07-30,67.45
2014-07-31,67.85
2014-08-01,65.95
2014-08-04,66.20
2014-08-05,66.40
2014-08-06,65.30
2014-08-07,65.75
2014-08-08,65.45
2014-08-11,66.00
2014-08-12,66.00
2014-08-13,66.15
2014-08-14,67.00
2014-08-15,67.10
2014-08-18,67.10
2014-08-19,67.30
2014-08-20,67.70
2014-08-21,68.00
2014-08-22,68.10
2014-08-25,68.75
2014-08-26,68.60
2014-08-27,68.95
2014-08-28,69.25
2014-08-29,69.05
2014-09-01,69.25
2014-09-02,69.70
2014-09-03,68.90
2014-09-04,69.00
2014-09-05,69.30
2014-09-09,69.40
2014-09-10,68.95
2014-09-11,68.70
2014-09-12,68.40
2014-09-15,67.15
2014-09-16,67.65
2014-09-17,67.50
2014-09-18,67.70
2014-09-19,68.20
2014-09-22,67.35
2014-09-23,66.90
2014-09-24,66.55
2014-09-25,66.70
2014-09-26,65.50
2014-09-29,65.65
2014-09-30,65.30
2014-10-01,65.05
2014-10-02,65.00
2014-10-03,65.80
2014-10-06,66.65
2014-10-07,66.25
2014-10-08,65.80
2014-10-09,66.10
2014-10-13,64.15
2014-10-14,64.00
2014-10-15,64.45
2014-10-16,63.65
2014-10-17,64.25
2014-10-20,64.25
2014-10-21,64.40
2014-10-22,65.10
2014-10-23,65.30
2014-10-24,63.85
2014-10-27,63.40
2014-10-28,64.00
2014-10-29,64.60
2014-10-30,64.85
2014-10-31,65.00
2014-11-03,65.30
2014-11-04,65.75
2014-11-05,65.80
2014-11-06,65.55
2014-11-07,65.00
2014-11-10,65.40
2014-11-11,66.25
2014-11-12,65.75
2014-11-13,65.00
2014-11-14,65.30
2014-11-17,66.05
2014-11-18,65.30
2014-11-19,65.15
2014-11-20,66.05
2014-11-21,66.60
2014-11-24,66.90
2014-11-25,66.65
2014-11-26,66.75
2014-11-27,67.15
2014-11-28,67.55
2014-12-01,66.30
2014-12-02,66.35
2014-12-03,65.80
2014-12-04,67.25
2014-12-05,67.10
2014-12-08,67.05
2014-12-09,66.25
2014-12-10,65.95
2014-12-11,65.05
2014-12-12,65.25
2014-12-15,64.75
2014-12-16,64.80
2014-12-17,64.55
2014-12-18,63.95
2014-12-19,64.70
2014-12-22,65.35
2014-12-23,66.15
2014-12-24,65.90
2014-12-25,66.35
2014-12-26,66.35
2014-12-27,66.75
2014-12-29,66.60
2014-12-30,67.15
2014-12-31,66.80
2015-01-05,66.40
2015-01-06,65.75
2015-01-07,64.70
2015-01-08,65.50
2015-01-09,66.90
2015-01-12,65.80
2015-01-13,65.60
2015-01-14,66.00
2015-01-15,65.65
2015-01-16,66.25
2015-01-19,66.30
2015-01-20,66.50
2015-01-21,67.20
2015-01-22,67.50
2015-01-23,68.25
2015-01-26,68.55
2015-01-27,69.00
2015-01-28,68.80
2015-01-29,69.05
2015-01-30,68.60
2015-02-02,68.20
2015-02-03,68.35
2015-02-04,69.20
2015-02-05,69.05
2015-02-06,69.10
2015-02-09,68.75
2015-02-10,68.45
2015-02-11,68.70
2015-02-12,69.00
2015-02-13,69.35
2015-02-24,69.95
2015-02-25,70.70
2015-02-26,70.55
2015-03-02,70.30
2015-03-03,70.05
2015-03-04,69.55
2015-03-05,69.95
2015-03-06,69.55
2015-03-09,69.45
2015-03-10,69.00
2015-03-11,68.35
2015-03-12,68.85
2015-03-13,69.65
2015-03-16,69.35
2015-03-17,69.20
2015-03-18,69.20
2015-03-19,70.50
2015-03-20,70.65
2015-03-23,70.55
2015-03-24,70.55
2015-03-25,70.50
2015-03-26,69.40
2015-03-27,69.40
2015-03-30,68.75
2015-03-31,69.00
2015-04-01,68.70
2015-04-02,68.90
2015-04-07,69.55
2015-04-08,69.60
2015-04-09,69.00
2015-04-10,69.70
2015-04-13,69.90
2015-04-14,69.85
2015-04-15,69.25
2015-04-16,68.95
2015-04-17,69.55
2015-04-20,68.70
2015-04-21,69.05
2015-04-22,69.30
2015-04-23,70.20
2015-04-24,71.70
2015-04-27,73.00
2015-04-28,72.85
2015-04-29,72.50
2015-04-30,71.60
2015-05-04,71.45
2015-05-05,71.40
2015-05-06,70.80
2015-05-07,70.80
2015-05-08,70.45
2015-05-11,71.00
2015-05-12,70.60
2015-05-13,70.70
2015-05-14,70.85
2015-05-15,70.30
2015-05-18,70.05
2015-05-19,70.40
2015-05-20,71.25
2015-05-21,70.15
2015-05-22,70.20
2015-05-25,70.45
2015-05-26,71.20
2015-05-27,70.85
2015-05-28,71.75
2015-05-29,71.70
2015-06-01,71.10
2015-06-02,70.45
2015-06-03,70.30
2015-06-04,69.80
2015-06-05,68.50
2015-06-08,68.30
2015-06-09,68.50
2015-06-10,68.55
2015-06-11,68.80
2015-06-12,68.90
2015-06-15,68.80
2015-06-16,68.65
2015-06-17,68.20
2015-06-18,68.45
2015-06-22,68.75
2015-06-23,69.55
2015-06-24,69.60
2015-06-25,70.00
2015-06-26,70.45
2015-06-29,69.35
2015-06-30,68.80
2015-07-01,69.40
2015-07-02,70.20
2015-07-03,70.00
2015-07-06,69.55
2015-07-07,69.65
2015-07-08,69.20
2015-07-09,66.80
2015-07-13,68.00
2015-07-14,68.30
2015-07-15,68.30
2015-07-16,68.60
2015-07-17,68.35
2015-07-20,69.00
2015-07-21,68.35
2015-07-22,68.20
2015-07-23,67.50
2015-07-24,67.05
2015-07-27,66.40
2015-07-28,65.75
2015-07-29,65.90
2015-07-30,65.60
2015-07-31,66.50
2015-08-03,65.90
2015-08-04,65.50
2015-08-05,65.55
2015-08-06,66.00
2015-08-07,64.50
2015-08-10,64.60
2015-08-11,65.30
2015-08-12,64.25
2015-08-13,63.45
2015-08-14,63.45
2015-08-17,63.30
2015-08-18,63.00
2015-08-19,62.40
2015-08-20,61.25
2015-08-21,60.6
2015-08-24,59.10
2015-08-25,57.50
2015-08-26,59.30
2015-08-27,60.60
2015-08-28,61.00
2015-08-31,61.30
2015-09-01,61.90
2015-09-02,61.10
2015-09-03,62.35
2015-09-04,62.15
2015-09-07,61.30
2015-09-08,61.50
2015-09-09,62.65
2015-09-10,63.80
2015-09-11,63.30
2015-09-14,63.90
2015-09-15,63.75
2015-09-16,63.65
2015-09-17,64.50
2015-09-18,65.00
2015-09-21,64.05
2015-09-22,63.55
2015-09-23,63.20
2015-09-24,62.55
2015-09-25,62.15
2015-09-30,61.45
2015-10-01,62.6
2015-10-02,63.35
2015-10-05,63.8
2015-10-06,64.15
2015-10-07,63.9
2015-10-08,65.1
2015-10-12,65.05
2015-10-13,65.6
2015-10-14,65.3
2015-10-15,65.65
2015-10-16,65.95
2015-10-19,66
2015-10-20,66
2015-10-21,66.1
2015-10-22,65.3
2015-10-23,66.2
2015-10-26,64.5
2015-10-27,64.5
2015-10-28,64.20
2015-10-29,64.10
2015-10-30,63.30
2015-11-02,63.10
2015-11-03,63.80
2015-11-04,64.75
2015-11-05,65.65
2015-11-06,65.4
2015-11-09,64
2015-11-10,63.3
2015-11-11,62.9
2015-11-12,62.2
2015-11-13,61.8
2015-11-16,61.2
2015-11-17,62
2015-11-18,62.35
2015-11-19,61.95
2015-11-20,62.35
2015-11-23,62.6
2015-11-24,62.5
2015-11-25,61.85
2015-11-26,62.3
2015-11-27,62.9
2015-11-30,60.9
2015-12-01,61.7
2015-12-02,62.45
2015-12-03,61.9
2015-12-04,61.95
2015-12-07,62.2
2015-12-08,62.25
2015-12-09,61.2
2015-12-10,60.4
2015-12-11,60.55
2015-12-14,59.25
2015-12-15,59.7
2015-12-16,60
2015-12-17,60.55
2015-12-18,60.85
2015-12-21,60.05
2015-12-22,60.7
2015-12-23,60.95
2015-12-24,61.35
2015-12-25,61.2
2015-12-28,61.7
2015-12-29,61.4
2015-12-30,61.15
2015-12-31,60.55
2016-01-04,60.8
2016-01-05,59.5
2016-01-06,59.05
2016-01-07,58.3
2016-01-08,57
2016-01-11,56.9
2016-01-12,56.8
2016-01-13,57
2016-01-14,56.5
2016-01-15,57.1
2016-01-18,55.9
2016-01-19,57
2016-01-20,56.85
2016-01-21,56.1
2016-01-22,56.35
2016-01-25,57
2016-01-26,57
2016-01-27,57.4
2016-01-28,57.15
2016-01-29,57.5
2016-01-30,59.45
2016-02-01,59.5
2016-02-02,59.45
2016-02-03,59
2016-02-15,58.3
2016-02-16,59.1
2016-02-17,60.4
2016-02-18,60.8
2016-02-19,60.8
2016-02-22,60.85
2016-02-23,61
2016-02-24,60.8
2016-02-25,60.6
2016-02-26,61.35
2016-03-01,61.25
2016-03-02,62.35
2016-03-03,62.35
2016-03-04,62.9
2016-03-07,63.2
2016-03-08,63
2016-03-09,63.05
2016-03-10,63.05
2016-03-11,63.2
2016-03-14,64
2016-03-15,64
2016-03-16,63.35
2016-03-17,64.55
2016-03-18,64.4
2016-03-21,64.9
2016-03-22,64.35
2016-03-23,64.4
2016-03-24,64.25
2016-03-25,64.5
2016-03-28,64.05
2016-03-29,64
2016-03-30,64.05
2016-03-31,65.1
2016-04-01,64.25
2016-04-06,63.3
2016-04-07,62.5
2016-04-08,61.8
2016-04-11,62.5
2016-04-12,63.05
2016-04-13,63.25
2016-04-14,64.4
2016-04-15,63.8
2016-04-18,64.05
2016-04-19,64.3
2016-04-20,63.5
2016-04-21,62.9
2016-04-22,62.95
2016-04-25,63.2
2016-04-26,63.1
2016-04-27,63.2
2016-04-28,63.5
2016-04-29,61.85
2016-05-03,61.6
2016-05-04,60.75
2016-05-05,60.1
2016-05-06,60
2016-05-09,59.9
2016-05-10,59.7
2016-05-11,60.2
2016-05-12,59.7
2016-05-13,59.55
2016-05-16,59.15
2016-05-17,59.65
2016-05-18,59.7
2016-05-19,60
2016-05-20,59.85
2016-05-23,60.1
2016-05-24,61.75
2016-05-25,61.75
2016-05-26,62.05
2016-05-27,62.4
2016-05-30,62.6
2016-05-31,63.05
2016-06-01,62.95
2016-06-02,63.7
2016-06-03,63.6
2016-06-04,63.75
2016-06-06,64
2016-06-07,64.3
2016-06-08,65
2016-06-13,64.3
2016-06-14,63.5
2016-06-15,64.15
2016-06-16,64.1
2016-06-17,63.85
2016-06-20,64.5
2016-06-21,64.5
2016-06-22,64.75
2016-06-23,64.8
2016-06-24,64.75
2016-06-27,63.2
2016-06-28,63.1
2016-06-29,64.15
2016-06-30,65.15
2016-07-01,65.85
2016-07-04,66.1
2016-07-05,66.2
2016-07-06,65.6
2016-07-07,65.45
2016-07-11,66.7
2016-07-12,67.15
2016-07-13,67.85
2016-07-14,67.5
2016-07-15,67.8
2016-07-18,68.45
2016-07-19,69.2
2016-07-20,69
2016-07-21,69.45
2016-07-22,69.55
2016-07-25,69.5
2016-07-26,69
2016-07-27,69.65
2016-07-28,69
2016-07-29,68.85
2016-08-01,68.8
2016-08-02,69.25
2016-08-03,68.5
2016-08-04,68.85
2016-08-05,69.1
2016-08-08,70
2016-08-09,70
2016-08-10,70.3
2016-08-11,70.2
2016-08-12,70.15
2016-08-15,70.2
2016-08-16,70.3
2016-08-18,70
2016-08-19,69.9
2016-08-22,69
2016-08-23,68.9
2016-08-24,69.35
2016-08-25,69.3
2016-08-26,69.95
2016-08-29,69.9
2016-08-30,70
2016-08-31,69.85
2016-09-01,69.3
2016-09-02,69.1
2016-09-05,69.8
2016-09-06,70.25
2016-09-07,70.95
2016-09-08,71.8
2016-09-09,70.9
2016-09-10,69.15
2016-09-12,69.35
2016-09-13,69.1
2016-09-14,68.5
2016-09-19,69.4
2016-09-20,70.9
2016-09-21,70.75
2016-09-22,71.9
2016-09-23,71.5
2016-09-26,71.5
2016-09-29,71.85
2016-09-30,71.15
2016-10-03,71.2
2016-10-04,71.45
2016-10-05,71.6
2016-10-06,71.7
2016-10-07,71.6
2016-10-11,72.35
2016-10-12,71.5
2016-10-13,72.2
2016-10-14,71.3
2016-10-17,71.45
2016-10-18,71.5
2016-10-19,72
2016-10-20,72.35
2016-10-21,72.65
2016-10-24,72.85
2016-10-25,72.85
2016-10-26,73
2016-10-27,73
2016-10-28,72.6
2016-10-31,72.25
2016-11-01,72.25
2016-11-02,71.95
2016-11-03,71.45
2016-11-04,71
2016-11-07,71.8
2016-11-08,72.15
2016-11-09,72.85
2016-11-10,71.8
2016-11-11,70.35
2016-11-14,69.95
2016-11-15,69.8
2016-11-16,70.2
2016-11-17,70
2016-11-18,70.1
2016-11-21,70.3
2016-11-22,70.75
2016-11-23,71.5
2016-11-24,71.6
2016-11-25,71.35
2016-11-28,71.35
2016-11-29,71.9
2016-11-30,71.7
2016-12-01,71.6
2016-12-02,71.2
2016-12-05,71.2
2016-12-06,71.8
2016-12-07,72.2
2016-12-08,72.3
2016-12-09,73.05
2016-12-12,73.3
2016-12-13,72.85
2016-12-14,73.2
2016-12-15,72.55
2016-12-16,72.8
2016-12-19,72.25
2016-12-20,71.95
2016-12-21,71.75
2016-12-22,71.55
2016-12-23,70.6
2016-12-26,70.65
2016-12-27,70.8
2016-12-28,70.85
2016-12-29,71.45
2016-12-30,71.65
2017-01-03,71.7
2017-01-04,72
2017-01-05,71.85
2017-01-06,72.45
2017-01-09,72.75
2017-01-10,72.45
2017-01-11,72.8
2017-01-12,72.6
2017-01-13,72.8
2017-01-16,72.4
2017-01-17,72
2017-01-18,72.2
2017-01-19,71.85
2017-01-20,71.95
2017-01-23,72.55
2017-01-24,73
2017-02-02,73.5
2017-02-03,72.95
2017-02-06,73
2017-02-07,73.1
2017-02-08,71.9
2017-02-09,71.75
2017-02-10,72.1
2017-02-13,72.8
2017-02-14,73.4
2017-02-15,73.3
2017-02-16,74
2017-02-17,73.65
2017-02-18,73.3
2017-02-20,73.55
2017-02-21,73.2
2017-02-22,73.6
2017-02-23,73.25
2017-02-24,73.05
2017-03-01,73.1
2017-03-02,72.95
2017-03-03,72.3
2017-03-06,72.05
2017-03-07,72.25
2017-03-08,72.65
2017-03-09,72.6
2017-03-10,71.95
2017-03-13,72.15
2017-03-14,72.6
2017-03-15,72.8
2017-03-16,73.3
2017-03-17,73.85
2017-03-20,73.95
2017-03-21,74.3
2017-03-22,74.25
2017-03-23,74.6
2017-03-24,74.35
2017-03-27,74
2017-03-28,74.55
2017-03-29,74.45
2017-03-30,74
2017-03-31,73.95
2017-04-05,73.95
2017-04-06,74.8
2017-04-07,74.3
2017-04-10,74.1
2017-04-11,74.1
2017-04-12,73.9
2017-04-13,73.9
2017-04-14,73.9
2017-04-17,73.55
2017-04-18,73.85
2017-04-19,73.1
2017-04-20,72.55
2017-04-21,73.25
2017-04-24,73.9
2017-04-25,73.85
2017-04-26,74.7
2017-04-27,74.35
2017-04-28,74.5
2017-05-02,75
2017-05-03,75.3
2017-05-04,75.55
2017-05-05,75.45
2017-05-08,75.55
2017-05-09,75.7
2017-05-10,76.15
2017-05-11,76.1
2017-05-12,76.25
2017-05-15,76.3
2017-05-16,76.5
2017-05-17,76.3
2017-05-18,75.65
2017-05-19,75.65
2017-05-22,75.95
2017-05-23,76.05
2017-05-24,76.35
2017-05-25,76.70
2017-05-26,77.00
2017-05-31,76.95
2017-06-01,76.50
2017-06-02,77.30
2017-06-03,77.25
2017-06-05,77.35
2017-06-06,77.95
2017-06-07,77.90
2017-06-08,77.95
2017-06-09,78.05
2017-06-12,77.15
2017-06-13,77.15
2017-06-14,77.40
2017-06-15,76.80
2017-06-16,76.90
2017-06-19,77.70
2017-06-20,78.60
2017-06-21,79.20
2017-06-22,79.60
2017-06-23,79.75
2017-06-26,79.80
2017-06-27,81.40
2017-06-28,80.90
2017-06-29,81.00
2017-06-30,80.10
2017-07-03,80.40
2017-07-04,80.45
2017-07-05,80.10
2017-07-06,80.75
2017-07-07,80.25
2017-07-10,80.00
2017-07-11,80.70
2017-07-12,81.50
2017-07-13,81.95
2017-07-14,82.00
2017-07-17,82.50
2017-07-18,82.20
2017-07-19,82.35
2017-07-20,82.85
2017-07-21,82.60
2017-07-24,81.95
2017-07-25,82.30
2017-07-26,82.55
2017-07-27,82.20
2017-07-28,82.40
2017-07-31,81.45
2017-08-01,82.15
2017-08-02,82.00
2017-08-03,81.85
2017-08-04,82.15
2017-08-07,82.45
2017-08-08,83.05
2017-08-09,82.55
2017-08-10,82.35
2017-08-11,80.85
2017-08-14,81.45
2017-08-15,81.30
2017-08-16,81.15
2017-08-17,81.25
2017-08-18,81.00
2017-08-21,81.05
2017-08-22,81.45
2017-08-23,82.00
2017-08-24,81.85
2017-08-25,82.65
2017-08-28,82.70
2017-08-29,82.25
2017-08-30,82.65
2017-08-31,83.15
2017-09-01,82.95
2017-09-04,82.90
2017-09-05,82.90
2017-09-06,82.70
2017-09-07,82.80
2017-09-08,82.40
2017-09-11,83.25
2017-09-12,82.95
2017-09-13,82.90
2017-09-14,82.30
2017-09-15,82.35
2017-09-18,82.85
2017-09-19,83.20
2017-09-20,82.50
2017-09-21,82.05
2017-09-22,82.60
2017-09-25,81.55
2017-09-26,80.80
2017-09-27,80.60
2017-09-28,80.75
2017-09-29,80.45
2017-09-30,81.00
2017-10-02,81.25
2017-10-03,81.55
2017-10-05,81.50
2017-10-06,82.10
2017-10-11,82.45
2017-10-12,83.55
2017-10-13,83.95
2017-10-16,84.05
2017-10-17,84.55
2017-10-18,84.80
2017-10-19,84.70
2017-10-20,84.40
2017-10-23,84.70
2017-10-24,84.50
2017-10-25,84.30
2017-10-26,84.15
2017-10-27,84.30
2017-10-30,85.10
2017-10-31,85.00
2017-11-01,85.35
2017-11-02,84.95
2017-11-03,84.95
2017-11-06,85.20
2017-11-07,85.00
2017-11-08,85.20
2017-11-09,84.95
2017-11-10,84.30
2017-11-13,84.25
2017-11-14,84.30
2017-11-15,83.80
2017-11-16,83.30
2017-11-17,84.30
2017-11-20,84.40
2017-11-21,83.90
2017-11-22,85.15
2017-11-23,85.15
2017-11-24,85.25
2017-11-27,85.15
2017-11-28,83.95
2017-11-29,83.65
2017-11-30,83.00
2017-12-01,82.15
2017-12-04,82.65
2017-12-05,82.55
2017-12-06,82.10
2017-12-07,81.20
2017-12-08,81.50
2017-12-11,81.20
2017-12-12,81.40
2017-12-13,81.10
2017-12-14,81.55
2017-12-15,81.65
2017-12-18,81.20
2017-12-19,81.20
2017-12-20,80.80
2017-12-21,81.10
2017-12-22,80.80
2017-12-25,81.30
2017-12-26,81.45
2017-12-27,80.60
2017-12-28,81.25
2017-12-29,81.75
2018-01-02,82.15
2018-01-03,82.95
2018-01-04,83.50
2018-01-05,83.50
2018-01-08,83.80
2018-01-09,84.10
2018-01-10,84.10
2018-01-11,83.65
2018-01-12,83.55
2018-01-15,84.55
2018-01-16,84.65
2018-01-17,84.65
2018-01-18,85.50
2018-01-19,86.35
2018-01-22,87.15
2018-01-23,88.05
2018-01-24,88.00
2018-01-25,87.25
2018-01-26,87.45
2018-01-29,85.50
2018-01-30,85.20
2018-01-31,84.40
2018-02-01,84.75
2018-02-02,84.85
2018-02-05,83.20
2018-02-06,80.85
2018-02-07,81.35
2018-02-08,80.65
2018-02-09,78.60
2018-02-12,79.55
2018-02-21,81.40
2018-02-22,81.50
2018-02-23,81.40
2018-02-26,82.55
2018-02-27,83.10
2018-03-01,81.55
2018-03-02,80.85
2018-03-05,81.10
2018-03-07,81.75
2018-03-08,82.15
2018-03-09,82.90
2018-03-12,83.60
2018-03-13,84.35
2018-03-14,84.35
2018-03-15,84.00
2018-03-16,84.00
2018-03-19,83.65
2018-03-20,83.20
2018-03-21,83.80
2018-03-22,84.00
2018-03-23,81.85
2018-03-26,81.85
2018-03-27,83.00
2018-03-28,82.90
2018-03-29,82.25
2018-03-30,82.65
2018-03-31,82.85
2018-04-02,82.85
2018-04-03,81.50
2018-04-09,82.15
2018-04-10,82.10
2018-04-11,82.90
2018-04-12,83.05
2018-04-13,82.70
2018-04-16,82.65
2018-04-17,82.40
2018-04-18,81.60
2018-04-20,81.00
2018-04-23,80.25
2018-04-24,79.90
2018-04-25,79.25
2018-04-26,79.70
2018-04-27,79.60
2018-04-30,79.65
2018-05-02,80.05
2018-05-03,79.05
2018-05-04,78.55
2018-05-07,79.50
2018-05-08,79.40
2018-05-09,80.00
2018-05-10,80.70
2018-05-11,81.10
2018-05-15,82.35
2018-05-16,81.45
2018-05-17,81.95
2018-05-21,81.20
2018-05-22,81.80
2018-05-23,81.90
2018-05-24,81.35
2018-05-25,81.55
2018-05-28,82.05
2018-05-29,82.20
2018-05-30,81.40
2018-05-31,80.80
2018-06-01,80.80
2018-06-04,81.80
2018-06-06,82.65
2018-06-07,83.50
2018-06-08,83.30
2018-06-11,82.80
2018-06-12,82.25
2018-06-14,82.50
2018-06-15,81.60
2018-06-19,81.10
2018-06-20,80.65
2018-06-21,81.50
2018-06-22,80.80
2018-06-25,80.85
2018-06-26,80.70
2018-06-27,80.75
2018-06-28,80.05
2018-06-29,80.30
2018-07-02,81.50
2018-07-03,81.30
2018-07-04,81.15
2018-07-05,81.45
2018-07-06,81.10
2018-07-09,81.75
2018-07-10,82.65
2018-07-11,81.70
2018-07-12,81.60
2018-07-13,83.00
2018-07-16,83.30
2018-07-17,82.85
2018-07-18,83.15
2018-07-19,83.10
2018-07-20,84.00
2018-07-23,84.30
2018-07-24,84.45
2018-07-25,84.05
2018-07-26,84.75
2018-07-27,85.10
2018-07-30,85.65
2018-07-31,85.35
2018-08-01,85.80
2018-08-02,86.10
2018-08-03,85.40
2018-08-06,85.55
2018-08-07,85.70
2018-08-08,85.80
2018-08-09,86.10
2018-08-10,85.70
2018-08-14,84.40
2018-08-15,84.50
2018-08-17,83.95
2018-08-20,83.90
2018-08-22,84.70
2018-08-23,84.80
2018-08-24,85.00
2018-08-27,85.00
2018-08-28,85.95
2018-08-29,86.45
2018-08-30,87.80
2018-08-31,87.00
2018-09-03,86.95
2018-09-04,86.80
2018-09-05,87.00
2018-09-06,86.90
2018-09-07,86.20
2018-09-10,86.60
2018-09-11,85.95
2018-09-12,85.85
2018-09-13,85.80
2018-09-14,85.75
2018-09-17,86.50
2018-09-18,85.60
2018-09-19,85.80
2018-09-20,86.45
2018-09-21,86.25
2018-09-25,86.65
2018-09-26,86.90
2018-09-27,86.60
2018-09-28,87.35
2018-10-01,86.90
2018-10-02,87.25
2018-10-03,86.05
2018-10-04,85.70
2018-10-05,84.50
2018-10-08,82.95
2018-10-09,83.05
2018-10-11,80.15
2018-10-12,77.70
2016-08-17,69.90
2018-03-06,81.65
2018-04-19,81.90
2018-05-14,82.00
2018-05-18,81.20
2018-06-05,82.70
2018-06-13,82.45
2018-08-13,85.05
2018-08-16,83.25
2018-08-21,83.90
2018-10-15,79.50
2018-10-16,79.00
2018-10-17,80.45
2018-10-18,79.50
2018-10-19,78.20
2018-10-22,78.35
2018-10-23,78.10
2018-10-24,77.80
2018-10-25,75.50
2018-10-26,76.25
2018-10-29,75.85
2018-10-30,75.80
2018-10-31,76.60
2018-11-01,77.85
2018-11-02,78.40
2018-11-05,78.10
2018-11-06,78.45
2018-11-07,78.20
2018-11-08,79.15
2018-11-09,78.50
2018-11-12,77.75
2018-11-13,76.15
2018-11-14,77.25
2018-11-15,77.50
2018-11-16,77.95
2018-11-19,77.05
2018-11-20,76.40
2018-11-21,75.30
2018-11-22,76.10
2018-11-23,75.70
2018-11-26,75.90
2018-11-27,75.95
2018-11-28,76.15
2018-11-29,77.70
2018-11-30,77.20
2018-12-03,77.85
2018-12-04,78.50
2018-12-05,77.10
2018-12-06,75.85
2018-12-07,75.60
2018-12-10,74.50
2018-12-11,74.50
2018-12-12,75.65
2018-12-13,76.20
2018-12-14,75.80
2018-12-17,75.35
2018-12-19,75.50
2018-12-20,75.00
2018-12-21,74.95
2018-12-22,74.85
2018-12-24,74.85
2018-12-25,74.15
2018-12-26,74.00
2018-12-27,74.80
2018-12-28,75.10
2019-01-02,75.85
2019-01-03,73.80
2019-01-04,72.80
2019-01-07,73.55
2019-01-08,74.15
2019-01-09,73.95
2019-01-10,74.80
2019-01-11,75.30
2019-01-14,75.45
2019-01-15,75.05
2019-01-18,75.75
2019-01-21,76.35
2019-01-22,74.40
2019-01-23,74.00
2019-01-24,73.95
2019-01-25,74.60
2019-01-28,75.15
2019-01-29,74.50
2019-01-30,74.50
2019-02-11,75.35
2019-02-12,75.35
2019-02-13,75.95
2019-02-14,75.50
2019-02-15,75.30
2019-02-18,75.50
2019-02-19,75.70
2019-02-20,75.90
2019-02-21,76.40
2019-02-22,76.95
2019-02-25,77.35
2019-02-26,77.65
2019-02-27,77.70
2019-03-04,77.55
2019-03-05,76.60
2019-03-06,76.85
2019-03-07,76.90
2019-03-08,76.20
2019-03-11,75.85
2019-03-12,76.85
2019-03-13,77.05
2019-03-14,77.30
2019-03-15,77.35
2019-03-18,77.75
2019-03-19,78.10
2019-03-20,78.35
2019-03-21,78.80
2019-03-22,79.50
2019-03-25,78.10
2019-03-26,78.50
2019-03-27,78.45
2019-03-28,78.30
2019-03-29,78.70
2019-04-01,80.00
2019-04-02,80.10
2019-04-03,80.40
2019-04-08,80.80
2019-04-09,80.95
2019-04-10,81.10
2019-04-11,81.35
2019-04-12,81.15
2019-04-15,81.65
2019-04-16,81.85
2019-04-17,82.30
2019-04-18,82.90
2019-04-22,83.00
2019-04-23,82.70
2019-04-24,83.40
2019-04-25,83.10
2019-04-26,82.80
2019-04-29,82.60
2019-04-30,82.80
2019-05-02,82.95
2019-05-03,83.10
2019-05-06,82.60
2019-05-07,82.65
2019-05-08,82.40
2019-05-09,82.15
2019-05-10,81.55
2019-05-13,81.10
2019-05-14,79.60
2019-05-15,79.65
2019-05-16,79.50
2019-05-17,79.50
2019-05-20,78.50
2019-05-21,78.00
2019-05-22,78.20
2019-05-23,77.85
2019-05-24,77.05
2019-05-27,77.50
2019-05-28,77.25
2019-05-29,76.50
2019-05-30,76.75
2019-05-31,77.35
2019-06-03,78.20
2019-06-04,78.45
2019-06-05,78.85
2019-06-06,77.70
2019-06-10,78.65
2019-06-11,79.20
2019-06-12,79.40
2019-06-13,79.40
2019-06-14,79.00
2019-07-10,81.95
2019-07-12,82.85
2019-08-12,80.65
2019-07-09,81.75
2019-06-25,81.15
2019-07-19,83.00
2019-07-22,83.10
2019-08-05,80.70
2019-07-15,82.85
2019-07-02,82.65
2019-06-21,81.10
2019-07-29,83.10
2019-08-08,80.05
2019-08-01,82.20
2019-08-14,80.70
2019-07-17,83.25
2019-07-01,82.05
2019-08-02,81.05
2019-07-30,83.60
2019-06-17,78.45
2019-07-26,83.40
2019-06-20,80.75
2019-07-03,82.35
2019-07-23,83.60
2019-07-31,83.15
2019-07-08,81.80
2019-07-11,82.65
2019-06-18,78.80
2019-07-25,83.55
2019-06-26,80.60
2019-06-27,80.55
2019-07-04,81.80
2019-07-05,82.10
2019-08-06,78.65
2019-08-07,80.15
2019-06-24,80.80
2019-07-18,82.60
2019-06-19,80.00
2019-08-13,80.15
2019-07-24,83.75
2019-07-16,83.20
2019-06-28,81.45
2019-08-15,79.20
2019-08-16,79.45
2019-08-19,80.75
2019-08-20,80.85
2019-08-21,80.95
2019-08-22,81.30
2019-08-23,80.90
2019-08-26,79.80
2019-08-27,80.15
2019-08-28,80.10
2019-08-29,80.45
2019-08-30,81.15
2019-09-02,81.80
2019-09-03,81.85
2019-09-04,81.45
2019-09-05,82.55
2019-09-06,83.25
2019-09-09,83.70
2019-09-10,83.95
2019-09-11,83.75
2019-09-12,84.10
2019-09-16,84.00
2019-09-17,84.40
2019-09-18,84.40
2019-09-19,84.95
2019-09-20,84.65
2019-09-23,84.65
2019-09-24,84.50
2019-09-25,84.35
2019-09-26,84.45
2019-09-27,84.90
2019-10-01,84.80
2019-10-02,85.60
2019-10-03,84.40
2019-10-04,85.20
2019-10-07,85.40
2019-10-08,85.85
2019-10-09,86.15
2019-10-14,87.00
2019-10-15,87.55
2019-10-16,88.00
2019-10-17,88.05
2019-10-18,88.15
2019-10-21,87.95
2019-10-23,88.70
2019-10-22,88.20
2019-10-24,88.70
2019-10-25,89.20
2019-10-28,89.25
2019-10-29,89.50
2019-10-30,89.45
2019-10-31,89.90
2019-11-01,90.00
2019-11-04,90.55
2019-11-05,92.40
2019-11-06,92.95
2019-11-07,93.20
2019-11-08,93.00
2019-11-11,92.40
2019-11-12,91.55
2019-11-13,91.55
2019-11-14,91.60
2019-11-15,92.00
2019-11-18,92.50
2019-11-19,92.90
2019-11-20,93.60
2019-11-21,92.30
2019-11-22,92.55
2019-11-25,93.00
2019-11-26,92.95
2019-11-27,92.85
2019-11-28,93.25
2019-11-29,92.85
2019-12-02,91.95
2019-12-03,91.70
2019-12-04,91.85
2019-12-05,92.35
2019-12-06,93.30
2019-12-09,93.20
2019-12-10,93.40
2019-12-11,93.00
2019-12-12,94.35
2019-12-13,96.75
2019-12-16,96.95
2019-12-17,96.75
2019-12-18,98.00
